Entity,Code,Year,Solar PV,Solar thermal,Solar PV-thermal hybrid,Wind,Hydropower,Marine and tidal,Bioenergy,Geothermal
Africa,,2000,6,8,1,3,5,1,8,
Africa,,2001,5,10,6,10,3,1,18,
Africa,,2002,3,17,8,22,6,3,9,
Africa,,2003,8,8,5,47,2,1,17,1
Africa,,2004,12,17,6,37,3,4,26,
Africa,,2005,10,28,14,33,5,11,45,1
Africa,,2006,13,19,16,20,7,14,22,
Africa,,2007,20,30,14,36,8,16,42,3
Africa,,2008,37,91,23,48,6,14,44,
Africa,,2009,55,88,11,63,14,29,58,1
Africa,,2010,71,126,37,80,23,23,140,2
Africa,,2011,102,251,28,69,24,41,159,3
Africa,,2012,143,231,21,87,9,16,146,2
Africa,,2013,97,257,30,87,11,23,112,2
Africa,,2014,91,203,21,113,23,18,90,3
Africa,,2015,81,183,9,107,11,16,62,1
Africa,,2016,59,58,9,47,7,10,118,1
Africa,,2017,39,61,16,33,9,8,44,1
Africa,,2018,61,50,18,25,6,6,43,2
Africa,,2019,42,25,6,29,9,9,19,1
Africa,,2020,5,9,2,7,,2,5,1
Africa,,2021,,,,,1,,,
Algeria,DZA,2001,1,1,2,,,,1,
Algeria,DZA,2002,1,1,,,,,,
Algeria,DZA,2000,,,,,1,,,
Argentina,ARG,2000,3,5,3,14,4,1,16,
Argentina,ARG,2001,1,4,1,7,,,9,
Argentina,ARG,2003,2,1,1,27,7,,4,
Argentina,ARG,2005,11,6,,28,3,3,15,1
Argentina,ARG,2006,16,12,4,14,5,5,23,
Argentina,ARG,2007,6,3,3,18,6,12,47,
Argentina,ARG,2008,9,15,7,12,9,7,65,1
Argentina,ARG,2009,3,8,8,33,5,7,56,
Argentina,ARG,2010,7,8,8,30,5,7,53,
Argentina,ARG,2011,9,13,5,34,6,4,57,1
Argentina,ARG,2012,4,8,9,61,6,3,64,1
Argentina,ARG,2013,6,6,1,77,5,2,50,4
Argentina,ARG,2014,3,5,2,54,9,5,29,
Argentina,ARG,2015,1,4,4,45,5,1,35,
Argentina,ARG,2016,8,6,1,35,4,4,49,4
Argentina,ARG,2017,6,1,4,39,2,2,14,2
Argentina,ARG,2018,7,8,1,9,1,1,14,5
Argentina,ARG,2019,11,9,4,9,2,1,23,4
Argentina,ARG,2002,,3,,47,8,1,4,
Argentina,ARG,2004,,,2,32,3,,4,
Asia,,2000,2072,960,248,510,318,87,1155,58
Asia,,2001,1967,972,261,699,359,93,1145,87
Asia,,2002,1936,1201,232,844,362,88,1295,130
Asia,,2003,2065,1102,283,982,378,88,1390,138
Asia,,2004,2534,1362,259,1120,465,193,1464,129
Asia,,2005,2823,1410,361,1403,550,211,1584,143
Asia,,2006,3583,2256,514,1673,592,270,2353,186
Asia,,2007,5240,2624,565,2156,749,374,2752,233
Asia,,2008,7858,3894,821,3283,1023,526,3361,260
Asia,,2009,12338,5173,1143,5099,1329,752,3535,453
Asia,,2010,16387,6145,1490,5610,1331,797,4136,363
Asia,,2011,18651,6282,1587,6433,1755,895,4434,433
Asia,,2012,18860,6910,1696,6482,1747,986,4724,478
Asia,,2013,16922,6296,1590,5194,1574,932,4567,454
Asia,,2014,18052,5287,2003,5494,1752,1040,5304,498
Asia,,2015,19693,5728,2428,5774,1975,954,5899,520
Asia,,2016,23846,6552,3074,7249,2051,1077,6682,828
Asia,,2017,27782,6701,2344,9498,2352,1059,5977,935
Asia,,2018,30335,6722,1410,9986,2285,1064,5084,822
Asia,,2019,25002,7891,1324,9314,2416,976,4532,1076
Asia,,2020,21566,7911,1072,9020,2091,952,2879,866
Asia,,2021,1072,341,54,693,187,100,140,16
Australia,AUS,2000,143,86,44,154,41,27,139,7
Australia,AUS,2001,190,143,58,191,19,26,159,13
Australia,AUS,2002,158,113,39,171,21,18,123,4
Australia,AUS,2003,310,139,77,264,50,42,205,9
Australia,AUS,2004,117,92,30,132,23,31,84,1
Australia,AUS,2005,104,66,36,115,21,30,91,2
Australia,AUS,2006,131,106,33,111,23,38,130,4
Australia,AUS,2007,203,143,44,171,35,63,209,9
Australia,AUS,2008,218,194,56,220,57,62,229,9
Australia,AUS,2009,313,258,69,268,49,80,287,16
Australia,AUS,2010,379,358,80,351,64,77,346,12
Australia,AUS,2011,340,305,58,235,54,61,337,14
Australia,AUS,2012,283,236,56,221,59,73,267,19
Australia,AUS,2013,277,195,70,243,73,67,281,18
Australia,AUS,2014,216,137,58,213,33,49,219,4
Australia,AUS,2015,304,156,63,150,29,43,194,8
Australia,AUS,2016,283,150,62,100,41,42,154,10
Australia,AUS,2017,279,111,61,182,34,58,192,7
Australia,AUS,2018,342,134,60,216,23,37,136,10
Australia,AUS,2019,325,113,46,141,28,28,145,10
Australia,AUS,2020,135,40,25,42,11,18,55,2
Australia,AUS,2021,66,24,12,22,2,7,19,3
Austria,AUT,2000,70,37,15,100,23,12,81,6
Austria,AUT,2001,52,57,18,83,9,10,76,5
Austria,AUT,2002,71,58,10,131,19,13,85,7
Austria,AUT,2003,48,49,19,87,25,11,70,7
Austria,AUT,2004,75,62,16,75,18,14,83,11
Austria,AUT,2005,101,72,23,81,19,16,70,10
Austria,AUT,2006,100,44,15,73,16,12,76,9
Austria,AUT,2007,112,84,21,97,14,9,75,12
Austria,AUT,2008,119,95,26,121,24,23,90,15
Austria,AUT,2009,82,95,20,81,14,7,52,7
Austria,AUT,2010,51,75,16,50,19,3,30,5
Austria,AUT,2011,35,59,13,37,8,4,20,2
Austria,AUT,2012,27,33,3,24,13,2,11,1
Austria,AUT,2013,20,19,1,15,6,,5,1
Austria,AUT,2014,13,16,12,12,11,1,14,7
Austria,AUT,2015,16,25,2,10,4,,38,3
Austria,AUT,2016,10,12,1,21,5,,11,2
Austria,AUT,2017,7,3,1,10,3,,11,2
Austria,AUT,2018,11,5,1,16,7,,7,2
Austria,AUT,2019,5,16,2,17,4,,6,1
Austria,AUT,2020,3,3,,,,,,
Belarus,BLR,2007,,1,,,,,,
Belgium,BEL,2000,1,6,1,5,,,2,2
Belgium,BEL,2001,2,3,,2,1,,3,
Belgium,BEL,2002,1,3,1,,,,4,
Belgium,BEL,2004,1,,,4,,2,6,
Belgium,BEL,2005,3,5,2,13,1,1,3,2
Belgium,BEL,2006,1,5,,7,2,,2,
Belgium,BEL,2007,3,6,1,18,3,1,4,
Belgium,BEL,2008,4,12,2,8,1,1,2,
Belgium,BEL,2009,4,7,,14,,1,3,1
Belgium,BEL,2010,7,8,,2,2,1,7,
Belgium,BEL,2011,8,9,1,4,2,1,2,3
Belgium,BEL,2012,4,10,3,19,1,1,,1
Belgium,BEL,2013,5,2,2,4,2,2,,
Belgium,BEL,2014,3,14,2,8,2,1,2,2
Belgium,BEL,2015,10,6,1,3,3,1,,1
Belgium,BEL,2016,6,3,1,4,1,,4,
Belgium,BEL,2017,7,4,2,13,1,,3,1
Belgium,BEL,2018,3,4,2,19,3,,4,1
Belgium,BEL,2019,5,2,2,1,1,2,1,
Belgium,BEL,2003,,3,,,1,1,,
Belgium,BEL,2020,,,,,,1,,
Brazil,BRA,2000,13,24,3,40,22,6,46,1
Brazil,BRA,2001,13,63,9,56,33,3,36,1
Brazil,BRA,2002,12,42,10,87,26,2,43,
Brazil,BRA,2003,11,24,12,59,33,7,61,1
Brazil,BRA,2004,16,48,11,67,36,12,69,4
Brazil,BRA,2005,25,50,9,76,34,9,96,3
Brazil,BRA,2006,41,60,10,87,34,23,181,3
Brazil,BRA,2007,76,91,31,147,47,26,298,
Brazil,BRA,2008,94,72,31,124,45,26,367,
Brazil,BRA,2009,129,107,39,234,94,42,440,2
Brazil,BRA,2010,165,161,37,283,60,42,437,4
Brazil,BRA,2011,169,160,26,253,50,31,491,6
Brazil,BRA,2012,159,104,32,268,67,32,468,9
Brazil,BRA,2013,123,78,27,229,50,26,351,7
Brazil,BRA,2014,88,54,19,171,33,15,249,3
Brazil,BRA,2015,106,72,30,170,49,16,226,1
Brazil,BRA,2016,105,46,16,222,38,16,186,1
Brazil,BRA,2017,133,46,30,200,38,16,210,2
Brazil,BRA,2018,112,35,15,208,24,7,166,1
Brazil,BRA,2019,88,30,9,94,31,6,105,6
Brazil,BRA,2020,4,4,,12,4,1,6,
Bulgaria,BGR,2000,2,4,,,,1,1,
Bulgaria,BGR,2002,1,4,,4,2,,2,
Bulgaria,BGR,2003,3,1,2,2,4,,4,1
Bulgaria,BGR,2005,1,5,1,8,2,2,1,
Bulgaria,BGR,2007,2,2,,4,3,2,,
Bulgaria,BGR,2009,1,3,,4,2,3,,
Bulgaria,BGR,2010,1,2,,2,1,,,
Bulgaria,BGR,2011,2,2,,8,5,4,,
Bulgaria,BGR,2012,4,7,,8,8,,,
Bulgaria,BGR,2015,4,2,,6,3,3,,
Bulgaria,BGR,2016,3,1,,2,2,1,2,
Bulgaria,BGR,2017,3,,,,1,,,
Bulgaria,BGR,2018,5,,2,5,1,1,,
Bulgaria,BGR,2019,2,1,1,3,3,1,2,
Bulgaria,BGR,2020,2,3,,1,4,,,
Bulgaria,BGR,2001,,4,,7,1,,1,
Bulgaria,BGR,2004,,5,1,3,,,1,
Bulgaria,BGR,2006,,2,,8,4,2,2,
Bulgaria,BGR,2008,,5,,4,3,5,,
Bulgaria,BGR,2013,,1,,11,8,,,
Bulgaria,BGR,2014,,,,1,1,1,2,
Canada,CAN,2000,41,30,16,80,26,13,105,
Canada,CAN,2001,55,23,22,77,12,16,99,5
Canada,CAN,2002,64,52,35,116,24,18,129,2
Canada,CAN,2003,56,36,40,138,27,17,95,3
Canada,CAN,2004,78,79,34,151,33,35,129,2
Canada,CAN,2005,89,39,35,148,29,40,171,12
Canada,CAN,2006,103,76,39,184,41,53,228,15
Canada,CAN,2007,167,100,55,251,55,69,372,17
Canada,CAN,2008,216,118,61,301,83,78,359,23
Canada,CAN,2009,264,159,85,411,95,109,492,39
Canada,CAN,2010,298,205,72,513,92,95,513,25
Canada,CAN,2011,275,203,60,448,73,64,521,40
Canada,CAN,2012,225,142,68,363,101,80,447,14
Canada,CAN,2013,212,92,64,390,96,61,410,24
Canada,CAN,2014,179,103,71,314,75,57,333,14
Canada,CAN,2015,189,92,61,299,52,50,276,12
Canada,CAN,2016,172,69,51,291,47,50,227,13
Canada,CAN,2017,176,57,55,255,43,48,209,21
Canada,CAN,2018,184,61,51,277,36,22,212,23
Canada,CAN,2019,186,43,36,139,26,24,169,25
Canada,CAN,2020,22,4,6,32,6,4,15,7
Canada,CAN,2021,,,,,1,,,
Chile,CHL,2008,6,8,7,11,9,15,33,
Chile,CHL,2009,1,9,2,12,13,12,23,
Chile,CHL,2010,1,1,2,7,6,8,10,1
Chile,CHL,2011,16,45,6,36,19,22,26,
Chile,CHL,2012,17,67,8,35,21,14,39,1
Chile,CHL,2013,19,70,17,55,27,30,32,4
Chile,CHL,2014,38,70,11,69,33,25,23,
Chile,CHL,2015,31,58,10,85,16,16,23,4
Chile,CHL,2016,58,42,7,56,12,17,22,3
Chile,CHL,2017,19,39,9,18,14,7,14,1
Chile,CHL,2018,20,25,5,20,8,10,15,
Chile,CHL,2019,34,40,8,19,9,9,15,3
Chile,CHL,2020,27,24,4,12,5,9,9,6
Chile,CHL,2021,1,3,,,,,2,
Chile,CHL,2006,,1,,2,,,1,
Chile,CHL,2007,,1,2,3,2,5,6,
Chile,CHL,2004,,,,2,2,,1,
China,CHN,2000,100,444,39,92,68,14,123,15
China,CHN,2001,147,512,51,140,76,28,136,21
China,CHN,2002,225,751,61,196,104,21,186,39
China,CHN,2003,249,683,102,246,120,20,277,53
China,CHN,2004,415,843,90,402,152,100,340,30
China,CHN,2005,555,934,167,603,181,87,458,42
China,CHN,2006,952,1632,273,869,250,119,1038,83
China,CHN,2007,1592,1860,320,1246,341,161,1286,104
China,CHN,2008,2314,2729,454,1845,427,197,1671,113
China,CHN,2009,4084,3667,723,2994,627,264,1758,215
China,CHN,2010,6312,4516,1041,3354,711,341,2171,160
China,CHN,2011,7569,4744,1087,3997,1028,431,2566,217
China,CHN,2012,8335,5480,1201,3935,963,493,2872,256
China,CHN,2013,8007,5126,1190,3182,971,524,2764,235
China,CHN,2014,10081,4296,1530,3360,1144,640,3311,275
China,CHN,2015,12869,5084,2044,4263,1464,582,4173,352
China,CHN,2016,17197,5986,2721,5738,1576,776,5138,589
China,CHN,2017,21785,6227,2126,7943,1895,785,4575,772
China,CHN,2018,24652,6259,1206,8605,1880,850,3755,657
China,CHN,2019,20742,7571,1191,8310,2057,829,3549,927
China,CHN,2020,20318,7778,1013,8690,1965,909,2589,822
China,CHN,2021,908,322,46,651,181,96,99,12
Colombia,COL,2009,3,1,1,7,4,4,18,
Colombia,COL,2010,1,,4,4,3,4,19,
Colombia,COL,2011,6,2,4,9,6,5,48,1
Colombia,COL,2012,3,6,3,11,7,3,40,2
Colombia,COL,2013,4,7,4,10,13,4,20,
Colombia,COL,2014,5,,5,12,6,1,15,
Colombia,COL,2015,1,,1,3,2,1,6,
Colombia,COL,2016,2,,,,,,1,
Colombia,COL,2017,10,3,1,9,6,1,5,
Colombia,COL,2018,9,3,1,4,7,1,16,
Colombia,COL,2019,10,10,4,4,2,5,8,1
Colombia,COL,2020,11,4,2,,3,3,7,3
Colombia,COL,2021,5,5,3,,2,,5,1
Colombia,COL,2005,,1,,,,,5,
Colombia,COL,2008,,3,3,5,1,2,5,
Colombia,COL,2001,,,1,1,,,1,
Colombia,COL,2006,,,1,,,,2,
Colombia,COL,2007,,,1,,,,6,
Colombia,COL,2004,,,,1,,,2,
Colombia,COL,2000,,,,,1,,4,
Costa Rica,CRI,2008,2,1,1,,,2,6,
Costa Rica,CRI,2009,2,,,3,1,2,3,
Costa Rica,CRI,2010,1,,1,,,,8,
Costa Rica,CRI,2011,1,1,4,7,1,2,7,1
Costa Rica,CRI,2014,1,,3,4,1,,4,
Costa Rica,CRI,2016,1,,,,,,,1
Costa Rica,CRI,2017,2,2,,,2,,1,
Costa Rica,CRI,2018,5,2,2,3,,,,2
Costa Rica,CRI,2019,2,,,,1,,1,
Costa Rica,CRI,2004,,1,,2,,,1,
Costa Rica,CRI,2005,,1,,2,1,2,1,
Costa Rica,CRI,2007,,2,1,,,,6,
Costa Rica,CRI,2012,,1,,,1,1,1,
Costa Rica,CRI,2013,,4,2,1,2,1,10,
Costa Rica,CRI,2003,,,1,,,,4,
Costa Rica,CRI,2006,,,,,1,1,,
Costa Rica,CRI,2015,,,,,1,1,7,2
Croatia,HRV,2000,2,3,,3,2,,2,
Croatia,HRV,2005,3,4,,,1,,,
Croatia,HRV,2008,1,4,,5,5,2,1,
Croatia,HRV,2009,1,2,,9,1,,3,
Croatia,HRV,2010,1,5,2,4,2,,,
Croatia,HRV,2011,11,20,,3,9,2,8,
Croatia,HRV,2012,15,14,4,12,1,2,11,1
Croatia,HRV,2013,8,12,2,24,4,1,5,1
Croatia,HRV,2014,6,5,7,25,5,3,6,
Croatia,HRV,2015,1,4,,37,3,2,8,
Croatia,HRV,2016,16,21,6,30,3,,11,6
Croatia,HRV,2017,4,18,8,16,4,2,41,2
Croatia,HRV,2018,15,18,11,5,2,7,34,
Croatia,HRV,2019,29,15,7,22,7,5,36,
Croatia,HRV,2020,16,13,4,13,3,6,22,
Croatia,HRV,2021,11,2,2,2,,,7,1
Croatia,HRV,2001,,2,,4,1,,1,
Croatia,HRV,2003,,5,,1,3,,,1
Croatia,HRV,2004,,4,1,7,2,,3,
Croatia,HRV,2006,,4,1,3,2,,4,
Croatia,HRV,2007,,2,1,3,,,2,
Croatia,HRV,2002,,,,3,3,,3,
Cuba,CUB,2000,1,9,,1,,,,
Cuba,CUB,2002,1,1,,,,,2,
Cuba,CUB,2012,1,3,,2,,,3,
Cuba,CUB,2014,1,,10,14,1,,22,
Cuba,CUB,2016,2,,,,,,1,
Cuba,CUB,2017,5,3,,2,2,1,4,
Cuba,CUB,2011,,1,2,,1,3,8,
Cuba,CUB,2013,,4,1,1,1,,8,
Cuba,CUB,2010,,,1,,,2,1,
Cuba,CUB,2015,,,1,1,,,9,
Cuba,CUB,2003,,,,1,,,,
Cuba,CUB,2005,,,,3,1,1,,
Cuba,CUB,2007,,,,2,,,3,
Cuba,CUB,2008,,,,1,,1,2,
Cuba,CUB,2009,,,,4,1,2,2,
Cuba,CUB,2006,,,,,,,1,
Cyprus,CYP,2007,2,7,,3,1,3,1,
Cyprus,CYP,2008,4,6,2,19,1,1,1,2
Cyprus,CYP,2009,2,1,,16,,,7,
Cyprus,CYP,2010,1,5,5,13,1,,2,
Cyprus,CYP,2011,8,12,4,7,,,11,
Cyprus,CYP,2012,8,12,5,23,1,2,9,1
Cyprus,CYP,2013,8,10,1,16,1,2,2,
Cyprus,CYP,2014,4,9,1,23,2,4,7,
Cyprus,CYP,2015,1,4,3,43,,2,5,
Cyprus,CYP,2016,5,7,3,40,2,2,3,2
Cyprus,CYP,2017,3,23,10,13,,2,12,
Cyprus,CYP,2018,5,5,7,10,3,6,9,1
Cyprus,CYP,2006,,1,,,,,2,
Cyprus,CYP,2019,,1,,6,1,3,,
Cyprus,CYP,2005,,,,1,,,,
Cyprus,CYP,2004,,,,,,,1,
Czechia,CZE,2000,3,9,2,2,9,,15,1
Czechia,CZE,2001,5,14,1,5,3,1,14,1
Czechia,CZE,2005,1,15,1,5,5,,16,1
Czechia,CZE,2006,3,15,2,5,8,,17,4
Czechia,CZE,2007,6,10,1,6,16,1,31,4
Czechia,CZE,2008,10,16,,12,8,,9,
Czechia,CZE,2009,12,49,1,12,10,,15,
Czechia,CZE,2010,11,19,1,2,1,1,23,
Czechia,CZE,2011,20,21,,6,5,,23,
Czechia,CZE,2012,10,15,1,9,20,2,44,2
Czechia,CZE,2013,15,11,1,10,5,,5,
Czechia,CZE,2014,8,12,1,3,7,,6,
Czechia,CZE,2015,5,5,,5,3,,5,
Czechia,CZE,2016,7,7,,1,5,,8,
Czechia,CZE,2017,8,8,2,11,3,1,12,
Czechia,CZE,2018,13,7,,2,6,,8,
Czechia,CZE,2019,8,4,4,7,1,,10,
Czechia,CZE,2020,2,2,,1,1,,8,1
Czechia,CZE,2021,2,1,,,,,,
Czechia,CZE,2002,,9,1,9,4,,9,
Czechia,CZE,2003,,14,,7,6,,15,1
Czechia,CZE,2004,,7,,11,5,,10,2
Denmark,DNK,2000,11,16,4,69,9,6,31,4
Denmark,DNK,2001,9,7,2,74,1,10,27,1
Denmark,DNK,2002,7,20,6,149,4,6,38,3
Denmark,DNK,2003,8,7,5,105,3,3,40,2
Denmark,DNK,2004,9,15,7,123,5,12,36,4
Denmark,DNK,2005,4,10,6,134,6,13,54,3
Denmark,DNK,2006,10,13,11,116,6,10,62,
Denmark,DNK,2007,13,17,11,208,1,6,69,2
Denmark,DNK,2008,28,27,14,293,13,19,86,11
Denmark,DNK,2009,24,28,12,381,13,21,114,12
Denmark,DNK,2010,37,41,15,484,11,29,97,11
Denmark,DNK,2011,38,44,20,601,13,21,133,7
Denmark,DNK,2012,51,35,18,590,16,14,125,2
Denmark,DNK,2013,34,27,17,462,14,17,125,4
Denmark,DNK,2014,50,29,10,448,13,20,73,2
Denmark,DNK,2015,33,27,19,320,9,16,74,1
Denmark,DNK,2016,17,18,12,327,10,14,53,6
Denmark,DNK,2017,20,11,8,265,9,7,25,4
Denmark,DNK,2018,7,4,6,140,,1,18,4
Denmark,DNK,2019,1,3,3,67,,,12,1
Denmark,DNK,2020,4,3,,20,,,3,
Denmark,DNK,2021,,,,2,1,2,3,
Dominican Republic,DOM,2009,1,1,,1,1,1,2,
Dominican Republic,DOM,2010,1,,1,2,1,2,2,1
Dominican Republic,DOM,2016,2,,1,3,,,1,
Dominican Republic,DOM,2011,,1,3,,1,1,4,
Dominican Republic,DOM,2013,,4,2,1,,,1,
Dominican Republic,DOM,2017,,1,1,,1,,2,
Dominican Republic,DOM,2012,,,,2,,,3,
Dominican Republic,DOM,2015,,,,,1,2,1,
Dominican Republic,DOM,2018,,,,,2,,,
Dominican Republic,DOM,2019,,,,,2,2,,
Dominican Republic,DOM,2006,,,,,,,1,
Dominican Republic,DOM,2007,,,,,,,1,
Dominican Republic,DOM,2014,,,,,,,3,
Ecuador,ECU,2007,2,,1,,,,2,
Ecuador,ECU,2009,2,,1,5,2,4,6,
Ecuador,ECU,2012,1,,,3,2,1,11,
Ecuador,ECU,2013,1,,2,4,4,1,7,
Ecuador,ECU,2014,1,,1,2,,,,
Ecuador,ECU,2017,1,,1,,2,,,
Ecuador,ECU,2018,3,1,1,,3,,3,
Ecuador,ECU,2019,4,2,,,,,,
Ecuador,ECU,2020,1,,,,1,1,,1
Ecuador,ECU,2006,,3,,,2,3,1,
Ecuador,ECU,2011,,1,7,5,5,4,18,
Ecuador,ECU,2015,,3,,,,,6,
Ecuador,ECU,2010,,,3,,10,2,6,
Ecuador,ECU,2005,,,,2,1,2,2,
Ecuador,ECU,2008,,,,2,1,3,1,
Ecuador,ECU,2000,,,,,1,,,
Ecuador,ECU,2016,,,,,,1,,
Ecuador,ECU,2003,,,,,,,2,
Egypt,EGY,2006,4,3,5,2,1,2,1,
Egypt,EGY,2007,1,4,3,3,,1,3,1
Egypt,EGY,2008,1,10,3,4,,1,2,
Egypt,EGY,2009,10,18,1,9,2,3,5,1
Egypt,EGY,2010,7,15,7,5,2,2,6,1
Egypt,EGY,2011,4,16,2,8,1,2,6,
Egypt,EGY,2012,5,4,,2,,,4,
Egypt,EGY,2000,,2,,1,,,3,
Egypt,EGY,2001,,3,1,,1,,,
Egypt,EGY,2002,,1,1,,3,,,
Egypt,EGY,2003,,1,1,,1,,,
Egypt,EGY,2005,,3,2,,,1,3,
Egypt,EGY,2004,,,1,1,,,,
El Salvador,SLV,2010,1,,1,,,,2,1
El Salvador,SLV,2018,1,,,,,,,
El Salvador,SLV,2017,,1,1,,,,2,
El Salvador,SLV,2016,,,1,,,,,
El Salvador,SLV,2011,,,,,1,1,1,
El Salvador,SLV,2013,,,,,1,,,
El Salvador,SLV,2009,,,,,,2,2,
Estonia,EST,2001,1,,,3,,,2,1
Estonia,EST,2005,4,5,,1,,,,
Estonia,EST,2016,4,2,,2,,,1,
Estonia,EST,2019,2,,,,,,,
Estonia,EST,2008,,6,1,1,,,1,1
Estonia,EST,2009,,1,1,,,,2,
Estonia,EST,2011,,1,,1,,,2,
Estonia,EST,2014,,1,,,,,1,
Estonia,EST,2017,,1,,1,,,,
Estonia,EST,2018,,1,1,,,,,
Estonia,EST,2010,,,1,2,1,1,2,
Estonia,EST,2002,,,,1,1,,2,
Estonia,EST,2007,,,,2,,,,1
Estonia,EST,2012,,,,2,,,,
Estonia,EST,2006,,,,,1,,,
Estonia,EST,2015,,,,,,1,,
Estonia,EST,2000,,,,,,,3,
Estonia,EST,2013,,,,,,,1,
Europe,,2000,528,671,162,815,222,121,612,52
Europe,,2001,472,603,133,993,146,114,600,56
Europe,,2002,511,631,129,1283,224,136,657,63
Europe,,2003,485,617,160,1167,254,128,625,48
Europe,,2004,612,675,151,1126,227,186,653,77
Europe,,2005,863,878,183,1232,275,220,774,86
Europe,,2006,985,1028,212,1394,305,254,981,102
Europe,,2007,1315,1353,305,1935,358,295,1324,183
Europe,,2008,1796,1850,342,2413,501,421,1366,186
Europe,,2009,2299,2374,390,2732,507,406,1550,179
Europe,,2010,2530,2521,404,2869,554,430,1332,161
Europe,,2011,2495,2102,411,3203,555,396,1429,145
Europe,,2012,2148,1638,345,3173,562,327,1410,145
Europe,,2013,1680,1192,275,2477,487,326,1249,124
Europe,,2014,1439,1035,211,2278,451,318,1127,104
Europe,,2015,1311,819,211,1834,370,258,1009,85
Europe,,2016,1221,717,204,1920,353,192,867,102
Europe,,2017,1063,561,176,1829,268,195,735,94
Europe,,2018,983,464,157,1257,235,131,630,87
Europe,,2019,794,371,121,825,377,86,436,56
Europe,,2020,251,145,20,218,71,43,126,9
Europe,,2021,46,22,3,21,4,5,11,1
European Union (27),,2000,495,586,150,713,182,94,521,50
European Union (27),,2001,429,536,122,814,87,93,521,51
European Union (27),,2002,451,566,114,1109,159,85,547,58
European Union (27),,2003,426,512,140,875,149,76,513,45
European Union (27),,2004,561,600,139,896,126,121,542,74
European Union (27),,2005,751,765,158,931,141,130,650,74
European Union (27),,2006,862,881,178,1020,173,138,822,88
European Union (27),,2007,1146,1151,259,1432,190,167,1036,157
European Union (27),,2008,1577,1615,275,1827,275,250,1103,161
European Union (27),,2009,2034,2106,307,2094,304,247,1177,161
European Union (27),,2010,2252,2165,310,2262,350,270,979,136
European Union (27),,2011,2212,1865,325,2551,358,240,1084,113
European Union (27),,2012,1831,1414,280,2529,354,195,1094,119
European Union (27),,2013,1409,979,219,1992,325,203,960,94
European Union (27),,2014,1165,793,162,1808,279,209,840,79
European Union (27),,2015,1072,657,167,1445,225,152,763,65
European Union (27),,2016,985,567,162,1580,218,101,668,73
European Union (27),,2017,821,430,151,1362,162,109,565,71
European Union (27),,2018,779,381,130,969,152,81,485,64
European Union (27),,2019,644,298,99,580,115,45,328,38
European Union (27),,2020,172,101,15,127,38,21,91,5
European Union (27),,2021,45,19,3,11,2,4,10,1
Finland,FIN,2001,1,,,1,,2,11,
Finland,FIN,2002,2,3,,4,,,3,2
Finland,FIN,2003,1,2,1,,,1,10,
Finland,FIN,2004,2,1,,6,,2,9,3
Finland,FIN,2005,1,1,,7,,3,5,
Finland,FIN,2006,3,4,1,10,2,2,15,4
Finland,FIN,2007,7,2,2,3,2,2,17,1
Finland,FIN,2008,3,11,,15,1,6,23,2
Finland,FIN,2009,7,6,,14,3,1,28,1
Finland,FIN,2010,4,4,2,21,1,4,35,1
Finland,FIN,2011,4,4,2,11,2,4,33,1
Finland,FIN,2012,10,11,5,11,2,4,34,9
Finland,FIN,2013,7,6,2,4,4,5,28,2
Finland,FIN,2014,1,7,1,5,3,4,26,2
Finland,FIN,2015,4,3,1,1,1,,28,
Finland,FIN,2016,7,2,1,9,4,1,26,1
Finland,FIN,2017,5,3,3,6,2,6,27,3
Finland,FIN,2018,10,7,6,5,8,2,29,6
Finland,FIN,2019,18,10,3,,3,,10,5
Finland,FIN,2020,2,2,1,5,1,,4,2
Finland,FIN,2000,,3,1,3,1,,4,
France,FRA,2000,6,29,4,25,10,4,30,4
France,FRA,2001,18,22,4,26,1,1,22,4
France,FRA,2002,24,28,3,30,15,4,20,3
France,FRA,2003,26,35,11,27,11,8,20,5
France,FRA,2004,25,38,9,39,11,11,18,4
France,FRA,2005,39,49,10,24,7,11,36,8
France,FRA,2006,45,71,14,61,6,11,43,4
France,FRA,2007,83,116,29,73,17,20,56,16
France,FRA,2008,160,142,15,97,25,14,70,12
France,FRA,2009,278,263,33,81,24,21,70,18
France,FRA,2010,334,301,30,106,20,36,43,12
France,FRA,2011,257,197,41,115,27,38,61,11
France,FRA,2012,186,128,24,106,32,43,89,15
France,FRA,2013,188,93,26,75,30,35,64,14
France,FRA,2014,159,57,17,89,18,43,55,14
France,FRA,2015,185,92,23,73,16,15,59,12
France,FRA,2016,147,55,12,74,15,16,52,10
France,FRA,2017,117,38,18,72,14,22,48,11
France,FRA,2018,156,54,12,71,15,16,44,7
France,FRA,2019,110,53,12,45,7,10,49,4
France,FRA,2020,1,,,3,,1,2,
Georgia,GEO,2000,,1,,2,7,,,
Georgia,GEO,2001,,3,,2,4,,,
Georgia,GEO,2002,,2,,3,,,,
Georgia,GEO,2003,,2,1,1,,,,
Georgia,GEO,2005,,1,,4,4,1,,
Georgia,GEO,2006,,2,,3,2,,,
Georgia,GEO,2007,,1,,3,2,,,
Georgia,GEO,2010,,2,,3,2,,,
Georgia,GEO,2011,,5,2,3,,1,1,
Georgia,GEO,2012,,2,,1,3,,1,
Georgia,GEO,2015,,1,,,1,,,
Georgia,GEO,2008,,,1,,1,,1,
Georgia,GEO,2004,,,,2,4,1,,
Georgia,GEO,2009,,,,1,2,1,,1
Georgia,GEO,2013,,,,1,1,,,
Georgia,GEO,2014,,,,2,2,,,
Georgia,GEO,2016,,,,1,2,,,
Georgia,GEO,2019,,,,2,,,,
Germany,DEU,2000,315,350,96,326,70,35,198,22
Germany,DEU,2001,278,316,71,384,42,32,207,25
Germany,DEU,2002,256,302,65,382,53,24,232,36
Germany,DEU,2003,249,277,66,356,46,27,217,23
Germany,DEU,2004,339,263,60,300,42,27,204,35
Germany,DEU,2005,431,361,67,330,47,26,251,30
Germany,DEU,2006,527,453,72,337,64,30,303,49
Germany,DEU,2007,624,511,112,493,67,50,451,90
Germany,DEU,2008,797,694,129,612,86,70,381,81
Germany,DEU,2009,1138,877,129,594,91,77,335,69
Germany,DEU,2010,1227,940,111,722,134,62,245,69
Germany,DEU,2011,1202,787,109,726,144,66,269,36
Germany,DEU,2012,986,570,105,714,118,36,281,61
Germany,DEU,2013,642,350,92,533,72,42,254,39
Germany,DEU,2014,509,266,67,457,100,43,324,35
Germany,DEU,2015,418,171,46,403,60,24,269,16
Germany,DEU,2016,408,163,52,482,59,12,264,18
Germany,DEU,2017,333,120,50,498,53,22,217,17
Germany,DEU,2018,309,132,34,436,57,25,214,12
Germany,DEU,2019,273,99,34,261,52,9,151,15
Germany,DEU,2020,87,38,6,45,18,2,33,2
Germany,DEU,2021,28,15,1,6,,1,,
Greece,GRC,2000,3,13,5,7,3,3,7,
Greece,GRC,2001,2,12,3,9,2,3,6,
Greece,GRC,2003,5,11,2,3,3,2,,
Greece,GRC,2004,2,7,,2,3,8,,
Greece,GRC,2006,2,10,2,23,3,10,6,2
Greece,GRC,2007,3,14,,19,5,12,6,2
Greece,GRC,2008,4,17,1,17,5,9,6,
Greece,GRC,2009,8,26,2,13,7,5,7,2
Greece,GRC,2010,20,36,2,16,8,5,6,2
Greece,GRC,2011,22,30,2,17,2,5,5,1
Greece,GRC,2012,7,16,1,15,4,4,2,1
Greece,GRC,2013,9,16,1,10,5,4,,
Greece,GRC,2014,7,19,1,11,8,2,3,
Greece,GRC,2015,9,5,1,9,2,2,1,1
Greece,GRC,2016,8,19,2,8,3,,,
Greece,GRC,2017,6,5,,5,2,,2,
Greece,GRC,2018,8,6,3,9,2,,2,
Greece,GRC,2019,5,4,1,5,1,,4,
Greece,GRC,2020,3,2,,3,,,3,
Greece,GRC,2002,,2,2,,1,1,2,
Greece,GRC,2005,,5,,3,2,4,1,
Guatemala,GTM,2012,1,,,2,,,4,
Guatemala,GTM,2013,2,1,4,2,,,1,
Guatemala,GTM,2009,,2,1,3,1,2,2,
Guatemala,GTM,2011,,1,1,,,1,2,
Guatemala,GTM,2017,,1,1,,,,4,
Guatemala,GTM,2008,,,1,,,,1,
Guatemala,GTM,2010,,,1,,,,,
Guatemala,GTM,2016,,,1,3,,,,
Guatemala,GTM,2007,,,,2,1,,4,
Guatemala,GTM,2015,,,,1,,1,1,
Guatemala,GTM,2005,,,,,,,1,
Guatemala,GTM,2014,,,,,,,3,
High-income countries,,2000,3089,1374,494,1542,537,250,1980,111
High-income countries,,2001,3120,1366,517,1918,449,257,2110,145
High-income countries,,2002,2959,1400,445,2416,531,269,2261,182
High-income countries,,2003,3264,1410,575,2460,571,307,2267,169
High-income countries,,2004,3829,1600,500,2477,636,409,2345,196
High-income countries,,2005,4412,1734,588,2702,711,494,2580,225
High-income countries,,2006,5177,2203,684,2868,737,600,3227,286
High-income countries,,2007,6995,2844,875,3916,905,795,4135,398
High-income countries,,2008,10183,4038,1046,5378,1301,1072,4737,437
High-income countries,,2009,14675,5311,1250,6935,1473,1333,5224,581
High-income countries,,2010,17761,5958,1406,7771,1491,1300,5429,490
High-income countries,,2011,19106,5485,1382,8044,1552,1229,5602,515
High-income countries,,2012,17771,4615,1276,7799,1621,1157,5518,511
High-income countries,,2013,15409,3788,1199,6601,1426,1054,5301,479
High-income countries,,2014,14051,3145,1120,6150,1269,1008,4944,422
High-income countries,,2015,12834,2542,1047,5077,1046,847,4345,330
High-income countries,,2016,12558,2274,1033,5070,1004,740,3912,418
High-income countries,,2017,11674,1820,850,5133,915,709,3444,324
High-income countries,,2018,11072,1637,779,4475,795,525,3065,349
High-income countries,,2019,8758,1244,596,2912,651,378,2330,293
High-income countries,,2020,3777,592,271,1151,257,169,900,92
High-income countries,,2021,536,119,41,115,21,20,149,12
Honduras,HND,2011,,1,1,,,,2,
Honduras,HND,2010,,,1,,,,2,
Honduras,HND,2009,,,,,,1,,
Honduras,HND,2008,,,,,,,3,
Honduras,HND,2012,,,,,,,1,
Hong Kong,HKG,2000,5,8,,3,1,1,3,
Hong Kong,HKG,2001,6,7,1,2,,2,5,
Hong Kong,HKG,2002,15,8,4,6,3,3,14,3
Hong Kong,HKG,2003,5,4,1,8,3,3,9,
Hong Kong,HKG,2004,10,4,4,2,,,9,
Hong Kong,HKG,2005,17,2,3,12,2,2,12,1
Hong Kong,HKG,2006,17,13,6,13,7,2,11,
Hong Kong,HKG,2007,17,8,8,5,5,5,6,
Hong Kong,HKG,2008,20,4,6,13,,2,8,
Hong Kong,HKG,2009,29,13,5,19,2,5,7,1
Hong Kong,HKG,2010,41,9,8,15,1,2,16,
Hong Kong,HKG,2011,40,8,8,23,5,9,28,3
Hong Kong,HKG,2012,32,15,7,20,8,4,16,3
Hong Kong,HKG,2013,46,7,20,27,3,4,27,2
Hong Kong,HKG,2014,17,11,7,18,4,4,20,1
Hong Kong,HKG,2015,81,21,12,38,6,4,33,
Hong Kong,HKG,2016,91,22,10,18,2,5,41,5
Hong Kong,HKG,2018,53,15,4,18,7,6,29,1
Hong Kong,HKG,2019,3,2,2,1,,,3,
Hong Kong,HKG,2017,,,,,,,,1
Hungary,HUN,2000,6,5,1,,1,2,13,
Hungary,HUN,2001,1,3,,3,,1,15,1
Hungary,HUN,2004,1,4,1,10,2,,10,
Hungary,HUN,2005,1,3,1,3,1,,10,3
Hungary,HUN,2006,3,10,2,9,1,,25,
Hungary,HUN,2007,6,10,5,17,3,2,20,4
Hungary,HUN,2008,1,12,,23,6,,22,
Hungary,HUN,2009,5,11,5,19,7,,52,9
Hungary,HUN,2010,11,16,6,19,12,2,41,4
Hungary,HUN,2011,12,18,9,21,5,2,42,2
Hungary,HUN,2012,9,11,6,42,8,2,48,2
Hungary,HUN,2013,16,23,4,7,3,1,43,2
Hungary,HUN,2014,18,14,2,11,4,2,30,1
Hungary,HUN,2015,19,9,3,10,8,1,23,4
Hungary,HUN,2016,17,3,2,7,4,1,22,1
Hungary,HUN,2017,26,6,2,16,2,2,6,2
Hungary,HUN,2018,10,3,,7,4,,6,1
Hungary,HUN,2019,4,2,1,5,,1,,2
Hungary,HUN,2002,,7,1,5,6,1,15,
Hungary,HUN,2003,,6,1,7,1,1,3,
Hungary,HUN,2020,,1,,,,,,
Iceland,ISL,2003,,1,,2,1,,4,1
Iceland,ISL,2005,,1,,1,1,2,,
Iceland,ISL,2000,,,,1,1,1,,
Iceland,ISL,2001,,,,1,,,,
Iceland,ISL,2002,,,,5,1,2,,1
Iceland,ISL,2004,,,,3,1,,,
Iceland,ISL,2006,,,,2,,,,
Iceland,ISL,2011,,,,,1,1,,
Iceland,ISL,2016,,,,,1,1,,
Iceland,ISL,2014,,,,,,,,1
Iceland,ISL,2018,,,,,,,,1
Iceland,ISL,2019,,,,,,,,3
India,IND,2000,2,,,,,,,
India,IND,2001,2,,,,,,,
India,IND,2003,1,,,,,,,
India,IND,2004,3,,,,,,,
India,IND,2005,3,,,,,,4,
India,IND,2006,1,,,,,,1,
India,IND,2007,2,,,,,,,
India,IND,2009,1,,,2,,1,3,
India,IND,2011,1,,,3,,,,
India,IND,2012,67,46,11,64,9,8,45,
India,IND,2013,13,35,3,34,10,3,14,
India,IND,2014,132,84,30,164,26,18,117,3
India,IND,2015,47,33,7,82,9,12,42,
India,IND,2010,,,,1,,,,
India,IND,2008,,,,,,,1,
Indonesia,IDN,2000,2,,,,1,,2,
Indonesia,IDN,2001,,,,,,,1,
Ireland,IRL,2004,1,,,,,,,
Ireland,IRL,2005,1,,,,,,3,
Ireland,IRL,2008,12,17,4,6,1,,1,
Ireland,IRL,2009,6,2,,9,4,3,2,
Ireland,IRL,2010,2,10,1,3,,3,1,
Ireland,IRL,2019,1,,,,,,,
Ireland,IRL,2020,2,,,,,,,
Ireland,IRL,2007,,7,,1,,1,1,1
Ireland,IRL,2011,,3,,1,2,1,,
Ireland,IRL,2013,,1,1,6,1,,,
Ireland,IRL,2015,,3,,3,3,2,,
Ireland,IRL,2018,,1,,,,1,,
Ireland,IRL,2000,,,,2,2,2,,
Ireland,IRL,2001,,,,2,1,1,,
Ireland,IRL,2006,,,,1,,,2,
Ireland,IRL,2012,,,,5,1,2,1,
Ireland,IRL,2014,,,,1,1,,2,
Ireland,IRL,2016,,,,2,2,1,,
Ireland,IRL,2017,,,,2,1,,,
Israel,ISR,2000,10,18,4,3,1,,9,
Israel,ISR,2001,10,12,4,5,,,10,1
Israel,ISR,2002,11,16,8,9,1,1,9,
Israel,ISR,2003,9,15,4,3,1,1,8,
Israel,ISR,2004,2,5,4,6,1,1,3,
Israel,ISR,2005,6,21,5,12,1,1,2,
Israel,ISR,2006,18,28,8,9,4,4,11,1
Israel,ISR,2007,25,31,7,11,2,2,19,
Israel,ISR,2008,38,68,15,19,5,10,16,
Israel,ISR,2009,51,53,19,33,4,6,25,1
Israel,ISR,2010,73,81,23,25,3,5,45,2
Israel,ISR,2011,74,131,19,34,8,10,49,2
Israel,ISR,2012,56,98,20,20,2,4,56,
Israel,ISR,2013,32,71,22,16,5,4,82,1
Israel,ISR,2014,37,76,18,16,8,3,42,1
Israel,ISR,2015,46,43,28,33,3,7,55,5
Israel,ISR,2016,49,57,14,14,4,5,63,
Israel,ISR,2017,38,41,13,6,8,7,46,3
Israel,ISR,2018,25,30,11,7,3,4,33,1
Israel,ISR,2019,38,24,12,9,2,3,15,
Israel,ISR,2020,32,18,8,14,4,4,3,3
Israel,ISR,2021,18,16,6,4,,,6,
Italy,ITA,2000,5,8,3,4,1,,6,
Italy,ITA,2001,5,12,2,6,1,1,16,
Italy,ITA,2002,8,4,2,12,,2,14,
Italy,ITA,2003,10,11,2,4,3,3,15,1
Italy,ITA,2004,9,7,5,10,2,4,11,
Italy,ITA,2005,12,16,5,11,1,1,17,1
Italy,ITA,2006,13,31,12,18,2,5,42,1
Italy,ITA,2007,47,63,14,22,4,3,20,3
Italy,ITA,2008,78,122,8,37,7,8,32,4
Italy,ITA,2009,140,156,27,88,15,14,30,6
Italy,ITA,2010,151,143,28,80,25,6,25,9
Italy,ITA,2011,178,166,23,93,22,13,32,8
Italy,ITA,2012,126,108,24,73,14,12,33,9
Italy,ITA,2013,77,48,7,79,32,11,36,6
Italy,ITA,2014,3,1,,1,,,2,1
Italy,ITA,2015,26,23,9,23,11,6,20,2
Italy,ITA,2016,52,40,10,30,23,6,23,5
Italy,ITA,2017,43,38,15,29,10,11,20,5
Italy,ITA,2018,45,11,4,31,4,3,16,4
Italy,ITA,2019,25,6,2,16,4,1,8,1
Japan,JPN,2000,1726,393,183,269,178,42,841,38
Japan,JPN,2001,1529,341,177,394,198,41,809,58
Japan,JPN,2002,1416,336,140,462,172,39,866,81
Japan,JPN,2003,1475,275,150,506,184,35,851,71
Japan,JPN,2004,1588,331,136,454,165,50,836,81
Japan,JPN,2005,1497,250,149,458,173,51,779,74
Japan,JPN,2006,1554,267,137,401,174,55,863,52
Japan,JPN,2007,1818,303,125,423,164,85,864,76
Japan,JPN,2008,2359,453,151,488,231,105,915,74
Japan,JPN,2009,3694,637,175,664,236,148,853,108
Japan,JPN,2010,4625,687,184,779,212,140,874,84
Japan,JPN,2011,5057,597,190,745,286,158,747,108
Japan,JPN,2012,5345,594,191,824,337,189,799,137
Japan,JPN,2013,4233,496,173,666,265,154,747,121
Japan,JPN,2014,3598,398,180,686,204,131,656,114
Japan,JPN,2015,3062,250,141,584,201,119,664,80
Japan,JPN,2016,2680,181,118,629,191,122,616,95
Japan,JPN,2017,2374,162,80,596,175,82,574,51
Japan,JPN,2018,1904,125,57,532,147,59,519,58
Japan,JPN,2019,1179,54,45,280,110,45,326,45
Japan,JPN,2020,356,23,18,59,27,12,115,7
Japan,JPN,2021,42,,2,11,,3,15,2
Jordan,JOR,2015,1,3,,3,,,,
Jordan,JOR,2020,3,5,,,1,1,,1
Jordan,JOR,2021,1,3,,,,,,
Jordan,JOR,2004,,2,,,,,,
Jordan,JOR,2007,,1,2,,,,,
Jordan,JOR,2009,,3,1,,,,,
Jordan,JOR,2010,,1,1,,,,1,
Jordan,JOR,2013,,2,1,,,,,
Jordan,JOR,2014,,1,,,,,,
Jordan,JOR,2016,,1,,1,,,,
Jordan,JOR,2017,,1,1,,,,,
Jordan,JOR,2000,,,1,,,,1,
Jordan,JOR,2006,,,1,,,,,
Jordan,JOR,2008,,,2,1,1,,,
Jordan,JOR,2011,,,3,1,,,,
Jordan,JOR,2012,,,1,,,,,
Jordan,JOR,2019,,,1,,,,,
Jordan,JOR,2018,,,,,2,,,
Kazakhstan,KAZ,2004,1,1,,,,,,
Kazakhstan,KAZ,2011,,1,1,,,,,
Kazakhstan,KAZ,2006,,,,1,,,,
Kazakhstan,KAZ,2010,,,,1,,,,
Latvia,LVA,2008,3,2,,3,2,,,
Latvia,LVA,2009,1,3,,4,3,,1,
Latvia,LVA,2011,4,2,,3,,,1,
Latvia,LVA,2013,1,,,4,,1,3,
Latvia,LVA,2014,2,,,,2,,1,1
Latvia,LVA,2016,1,2,,1,3,,1,
Latvia,LVA,2018,2,1,,2,,,1,
Latvia,LVA,2004,,1,,,,,2,
Latvia,LVA,2006,,4,,3,1,1,,
Latvia,LVA,2007,,3,,1,,,2,
Latvia,LVA,2010,,3,,1,,,3,
Latvia,LVA,2012,,1,,4,,1,1,
Latvia,LVA,2015,,2,,3,1,,1,
Latvia,LVA,2017,,,1,3,2,,,
Latvia,LVA,2000,,,,3,1,1,,
Latvia,LVA,2001,,,,1,,,,
Latvia,LVA,2002,,,,1,2,,1,
Latvia,LVA,2003,,,,3,,,1,
Latvia,LVA,2005,,,,1,1,,,
Latvia,LVA,2019,,,,3,,,2,
Lithuania,LTU,2008,1,5,2,8,3,3,4,
Lithuania,LTU,2009,1,4,2,5,1,,20,1
Lithuania,LTU,2010,6,3,1,10,2,5,20,
Lithuania,LTU,2011,5,7,8,7,2,1,13,2
Lithuania,LTU,2012,5,6,3,8,1,1,19,
Lithuania,LTU,2013,10,5,3,8,4,3,20,
Lithuania,LTU,2014,7,12,1,10,,1,10,
Lithuania,LTU,2015,2,3,1,7,1,,7,
Lithuania,LTU,2016,10,1,,5,3,1,7,
Lithuania,LTU,2017,6,4,,2,2,,5,
Lithuania,LTU,2018,2,,1,2,1,,2,
Lithuania,LTU,2019,1,,,1,1,,,
Lithuania,LTU,2000,,3,,2,,,,
Lithuania,LTU,2007,,1,2,2,1,1,6,1
Lithuania,LTU,2001,,,,1,2,,,
Lithuania,LTU,2002,,,,2,6,,,
Lithuania,LTU,2003,,,,1,2,,1,
Lithuania,LTU,2005,,,,1,,,,
Lithuania,LTU,2004,,,,,1,,3,
Lithuania,LTU,2006,,,,,2,,2,2
Lower-middle-income countries,,2000,7,8,,5,5,,16,
Lower-middle-income countries,,2001,6,12,3,16,3,,6,
Lower-middle-income countries,,2002,1,5,3,13,11,2,8,
Lower-middle-income countries,,2003,9,22,4,78,12,5,15,
Lower-middle-income countries,,2004,8,7,1,38,11,1,6,
Lower-middle-income countries,,2005,8,16,2,50,19,7,37,1
Lower-middle-income countries,,2006,13,24,10,67,22,10,22,
Lower-middle-income countries,,2007,13,33,5,96,28,10,45,3
Lower-middle-income countries,,2008,20,71,16,78,31,10,33,
Lower-middle-income countries,,2009,38,96,7,110,34,20,109,2
Lower-middle-income countries,,2010,39,119,25,109,34,10,119,4
Lower-middle-income countries,,2011,50,170,21,100,31,18,76,1
Lower-middle-income countries,,2012,134,189,24,151,37,26,115,1
Lower-middle-income countries,,2013,67,223,16,134,23,16,59,3
Lower-middle-income countries,,2014,203,225,50,263,59,32,203,7
Lower-middle-income countries,,2015,133,187,32,190,41,31,138,1
Lower-middle-income countries,,2016,102,67,8,76,31,17,75,4
Lower-middle-income countries,,2017,75,56,6,114,34,17,51,2
Lower-middle-income countries,,2018,62,42,11,63,17,9,64,1
Lower-middle-income countries,,2019,31,14,3,30,11,10,29,6
Lower-middle-income countries,,2020,16,3,4,10,6,3,13,6
Lower-middle-income countries,,2021,2,,,,,,,
Luxembourg,LUX,2005,1,,,,,,,
Luxembourg,LUX,2010,1,,,1,1,1,2,
Luxembourg,LUX,2012,3,2,2,,,,,
Luxembourg,LUX,2013,1,,,,1,,1,
Luxembourg,LUX,2015,5,2,,2,1,,3,
Luxembourg,LUX,2016,3,,1,,,,1,
Luxembourg,LUX,2017,6,2,,,,,1,
Luxembourg,LUX,2018,6,1,,6,2,,,
Luxembourg,LUX,2019,3,,,1,,,,
Luxembourg,LUX,2001,,2,,,,,,
Luxembourg,LUX,2011,,1,,1,,1,4,
Luxembourg,LUX,2014,,2,,,1,1,2,
Luxembourg,LUX,2020,,4,1,6,,1,,
Luxembourg,LUX,2002,,,,1,,,1,
Luxembourg,LUX,2009,,,,2,,,2,
Luxembourg,LUX,2007,,,,,1,,,
Luxembourg,LUX,2000,,,,,,,2,
Luxembourg,LUX,2008,,,,,,,1,
Malaysia,MYS,2000,1,3,,,1,,,
Malaysia,MYS,2001,2,,,,,,2,
Malaysia,MYS,2002,4,,,,2,,2,
Malaysia,MYS,2003,2,1,1,,2,,7,
Malaysia,MYS,2004,1,5,2,4,1,1,5,
Malaysia,MYS,2005,5,2,,6,1,1,12,
Malaysia,MYS,2006,9,1,3,1,,1,30,
Malaysia,MYS,2007,29,3,2,8,6,5,47,
Malaysia,MYS,2008,15,4,3,6,8,7,65,
Malaysia,MYS,2009,21,4,3,6,12,10,54,1
Malaysia,MYS,2010,56,9,5,19,6,4,77,
Malaysia,MYS,2011,67,14,7,8,3,2,79,
Malaysia,MYS,2012,51,8,6,12,6,5,39,
Malaysia,MYS,2013,21,1,1,3,,1,12,
Malaysia,MYS,2014,1,,,,,,6,
Malaysia,MYS,2015,,,,,,,2,
Mexico,MEX,2000,7,16,3,13,7,4,24,
Mexico,MEX,2001,10,11,5,21,,4,25,1
Mexico,MEX,2002,13,30,12,38,5,3,29,
Mexico,MEX,2003,5,7,12,16,5,1,19,
Mexico,MEX,2004,11,17,7,12,6,6,29,
Mexico,MEX,2005,32,29,12,44,4,4,47,2
Mexico,MEX,2006,29,43,4,41,7,11,45,1
Mexico,MEX,2007,73,54,27,89,8,15,127,
Mexico,MEX,2008,92,72,26,69,16,17,116,
Mexico,MEX,2009,78,92,27,80,17,15,185,3
Mexico,MEX,2010,124,135,30,83,20,19,173,3
Mexico,MEX,2011,90,134,22,72,18,14,203,6
Mexico,MEX,2012,114,131,28,101,15,16,158,6
Mexico,MEX,2013,101,85,16,128,15,13,114,6
Mexico,MEX,2014,109,81,30,108,18,9,118,2
Mexico,MEX,2015,123,86,21,70,22,16,93,5
Mexico,MEX,2016,102,74,17,82,8,10,56,5
Mexico,MEX,2017,94,51,29,44,7,8,73,2
Mexico,MEX,2018,29,21,6,24,3,1,23,2
Mexico,MEX,2019,6,3,,3,,,1,3
Moldova,MDA,2003,1,5,,3,3,,,
Moldova,MDA,2005,1,1,,4,11,4,1,
Moldova,MDA,2007,1,3,,20,,,,
Moldova,MDA,2008,2,7,,12,3,2,2,
Moldova,MDA,2009,3,12,,9,,,1,
Moldova,MDA,2010,1,2,1,5,,1,1,
Moldova,MDA,2011,3,,,,,,3,
Moldova,MDA,2013,2,,,3,1,2,1,
Moldova,MDA,2014,2,2,,,,,7,
Moldova,MDA,2015,2,5,,3,1,2,7,
Moldova,MDA,2016,1,1,,6,,2,1,
Moldova,MDA,2018,3,3,1,3,1,,1,
Moldova,MDA,2001,,5,,12,8,,,
Moldova,MDA,2002,,7,,6,1,,3,
Moldova,MDA,2004,,4,,6,,,2,
Moldova,MDA,2006,,1,,3,,1,3,
Moldova,MDA,2019,,1,,2,,,1,
Moldova,MDA,2012,,,1,8,5,3,5,
Moldova,MDA,2000,,,,5,1,,,
Moldova,MDA,2017,,,,1,,3,2,
Moldova,MDA,2020,,,,1,,,,
Monaco,MCO,2015,1,,,,,,,
Monaco,MCO,2002,,1,,,,,,
Monaco,MCO,2007,,1,,,,,,
Monaco,MCO,2010,,,,,,1,,
Montenegro,MNE,2007,2,2,2,1,1,,,
Montenegro,MNE,2012,1,,,13,2,,2,
Montenegro,MNE,2009,,,1,2,,,,
Montenegro,MNE,2011,,,5,5,,,2,
Montenegro,MNE,2003,,,,1,,,,
Montenegro,MNE,2005,,,,2,1,1,2,
Montenegro,MNE,2013,,,,6,,,,
Montenegro,MNE,2010,,,,,,,1,
Morocco,MAR,2000,1,1,,1,2,,,
Morocco,MAR,2003,2,2,1,16,,,2,
Morocco,MAR,2005,1,2,,3,3,3,4,
Morocco,MAR,2006,2,3,3,5,3,4,,
Morocco,MAR,2007,2,6,1,10,1,2,2,1
Morocco,MAR,2008,7,26,6,10,1,2,3,
Morocco,MAR,2009,13,24,1,5,2,5,6,
Morocco,MAR,2010,11,39,6,19,4,1,13,1
Morocco,MAR,2011,22,77,8,21,5,9,12,1
Morocco,MAR,2012,30,83,7,12,2,4,10,
Morocco,MAR,2013,25,104,7,15,2,6,8,
Morocco,MAR,2014,19,71,5,13,5,4,7,
Morocco,MAR,2015,25,79,2,20,,3,5,
Morocco,MAR,2016,20,27,1,9,1,2,,
Morocco,MAR,2017,12,14,1,5,2,,2,
Morocco,MAR,2018,16,10,3,1,1,,1,
Morocco,MAR,2019,6,6,,1,3,1,1,
Morocco,MAR,2001,,2,,5,,,1,
Morocco,MAR,2002,,1,1,6,1,1,,
Morocco,MAR,2004,,,,15,1,,,
Netherlands,NLD,2000,8,20,3,21,1,4,3,5
Netherlands,NLD,2001,18,24,5,14,1,1,3,4
Netherlands,NLD,2002,19,10,1,21,2,2,6,
Netherlands,NLD,2003,8,8,2,16,2,1,6,1
Netherlands,NLD,2004,5,18,4,7,4,2,7,3
Netherlands,NLD,2005,18,25,1,9,1,,3,5
Netherlands,NLD,2006,13,13,1,19,1,3,30,
Netherlands,NLD,2007,8,18,5,10,3,1,9,
Netherlands,NLD,2008,14,31,4,16,5,7,21,5
Netherlands,NLD,2009,31,46,8,42,10,9,19,2
Netherlands,NLD,2010,43,32,7,22,5,2,15,4
Netherlands,NLD,2011,50,35,5,31,1,1,21,3
Netherlands,NLD,2012,34,18,5,23,5,5,16,2
Netherlands,NLD,2013,55,33,5,24,3,4,2,1
Netherlands,NLD,2014,58,29,1,19,5,3,6,2
Netherlands,NLD,2015,20,11,5,18,11,5,10,2
Netherlands,NLD,2016,35,10,8,28,4,4,5,1
Netherlands,NLD,2017,44,20,4,56,2,,6,1
Netherlands,NLD,2018,29,13,6,37,,1,11,4
Netherlands,NLD,2019,30,9,9,21,1,,8,2
Netherlands,NLD,2020,,,,4,,,1,
New Zealand,NZL,2000,3,1,3,19,5,2,8,
New Zealand,NZL,2001,1,1,4,30,1,3,13,4
New Zealand,NZL,2002,2,13,6,62,4,6,20,2
New Zealand,NZL,2004,4,19,7,35,10,13,13,
New Zealand,NZL,2005,7,15,9,33,4,4,21,1
New Zealand,NZL,2006,2,20,8,27,11,20,55,
New Zealand,NZL,2007,5,12,9,44,14,22,82,
New Zealand,NZL,2008,3,10,6,37,17,26,64,
New Zealand,NZL,2009,7,21,14,61,23,32,152,8
New Zealand,NZL,2010,15,9,7,86,14,28,120,2
New Zealand,NZL,2011,11,16,12,85,15,17,85,2
New Zealand,NZL,2012,19,28,10,65,12,13,112,7
New Zealand,NZL,2013,11,6,6,81,15,13,51,8
New Zealand,NZL,2014,18,9,16,66,7,6,35,1
New Zealand,NZL,2015,5,2,2,6,1,,6,1
New Zealand,NZL,2016,5,4,2,4,2,1,2,
New Zealand,NZL,2017,7,,,4,2,1,3,
New Zealand,NZL,2018,2,,,,,,,
New Zealand,NZL,2019,2,1,,,,,,
New Zealand,NZL,2003,,4,5,25,5,8,7,
Nicaragua,NIC,2018,1,,,,,,,
Nicaragua,NIC,2011,,1,2,,,,3,
Nicaragua,NIC,2013,,2,2,3,,,2,
Nicaragua,NIC,2006,,,1,,,,,
Nicaragua,NIC,2010,,,2,,1,1,4,1
Nicaragua,NIC,2016,,,2,1,,,,
Nicaragua,NIC,2007,,,,3,1,,3,
Nicaragua,NIC,2009,,,,1,1,2,3,
Nicaragua,NIC,2012,,,,2,,,1,
Nicaragua,NIC,2017,,,,,1,,,
Nicaragua,NIC,2015,,,,,,1,,
Nicaragua,NIC,2019,,,,,,,,1
North America,,2000,468,197,85,224,70,41,290,10
North America,,2001,667,230,121,286,54,57,404,14
North America,,2002,614,285,121,403,83,58,448,23
North America,,2003,694,321,175,476,100,71,408,28
North America,,2004,1014,382,156,610,142,106,586,21
North America,,2005,1243,415,183,775,147,155,720,43
North America,,2006,1508,555,209,812,158,179,930,83
North America,,2007,2000,773,310,1255,219,257,1405,85
North America,,2008,2810,1012,321,1664,300,298,1718,102
North America,,2009,4000,1428,411,2251,369,403,1981,155
North America,,2010,5063,1830,537,2679,383,384,2202,132
North America,,2011,5442,1808,485,2589,354,332,2426,168
North America,,2012,5152,1551,433,2433,381,322,2327,131
North America,,2013,4784,1437,486,2292,374,268,2280,135
North America,,2014,4761,1241,454,2070,322,276,2075,111
North America,,2015,4715,1122,449,1886,290,251,1786,82
North America,,2016,4655,973,449,1831,263,242,1591,92
North America,,2017,4603,801,434,1964,254,234,1346,77
North America,,2018,4239,666,386,1850,206,167,1133,107
North America,,2019,3453,458,299,1084,155,138,841,88
North America,,2020,2183,287,168,623,83,73,454,39
North America,,2021,263,54,18,39,10,4,76,4
Norway,NOR,2000,7,9,1,14,9,6,9,1
Norway,NOR,2001,5,2,1,25,8,5,8,
Norway,NOR,2002,3,2,1,28,3,13,14,1
Norway,NOR,2003,2,12,2,51,12,11,19,1
Norway,NOR,2004,6,1,1,42,15,16,14,
Norway,NOR,2005,5,6,3,42,14,19,20,3
Norway,NOR,2006,7,7,6,34,15,28,20,2
Norway,NOR,2007,10,2,3,55,21,23,49,1
Norway,NOR,2008,13,4,2,45,28,32,20,2
Norway,NOR,2009,14,7,5,50,20,27,27,
Norway,NOR,2010,6,9,1,26,8,11,12,3
Norway,NOR,2011,3,10,4,30,9,16,19,3
Norway,NOR,2012,6,8,1,22,12,7,13,3
Norway,NOR,2013,4,3,2,12,8,7,18,
Norway,NOR,2014,6,7,4,12,7,13,21,3
Norway,NOR,2015,4,2,2,20,9,10,4,1
Norway,NOR,2016,3,4,2,8,8,9,8,1
Norway,NOR,2017,4,3,1,13,7,10,9,1
Norway,NOR,2019,2,1,3,26,2,3,6,1
Norway,NOR,2020,3,1,,3,1,3,4,2
Norway,NOR,2021,,2,,,,,,
Norway,NOR,2018,,,,9,12,10,6,1
Oceania,,2000,146,87,47,173,46,29,147,7
Oceania,,2001,191,144,62,221,20,29,172,17
Oceania,,2002,160,126,45,233,25,24,143,6
Oceania,,2003,310,143,82,289,55,50,212,9
Oceania,,2004,121,111,37,167,33,44,97,1
Oceania,,2005,111,81,45,148,25,34,112,3
Oceania,,2006,133,126,41,138,34,58,185,4
Oceania,,2007,208,155,53,215,49,85,291,9
Oceania,,2008,221,204,62,257,74,88,293,9
Oceania,,2009,320,279,83,329,72,112,439,24
Oceania,,2010,394,367,87,437,78,105,466,14
Oceania,,2011,351,321,70,320,69,78,422,16
Oceania,,2012,302,264,66,286,71,86,379,26
Oceania,,2013,288,201,76,324,88,80,332,26
Oceania,,2014,234,146,74,279,40,55,254,5
Oceania,,2015,309,158,65,156,30,43,200,9
Oceania,,2016,288,154,64,104,43,43,156,10
Oceania,,2017,286,111,61,186,36,59,195,7
Oceania,,2018,344,134,60,216,23,37,136,10
Oceania,,2019,327,114,46,141,28,28,145,10
Oceania,,2020,135,40,25,42,11,18,55,2
Oceania,,2021,66,24,12,22,2,7,19,3
Panama,PAN,2009,,,1,,,,1,
Panama,PAN,2002,,,,1,,,,
Panama,PAN,2001,,,,,1,,,
Panama,PAN,2003,,,,,1,,,
Panama,PAN,2004,,,,,1,,2,
Panama,PAN,2005,,,,,1,,,
Panama,PAN,2006,,,,,,,1,
Panama,PAN,2007,,,,,,,1,
Panama,PAN,2008,,,,,,,3,
Peru,PER,2003,1,,,3,4,1,,
Peru,PER,2006,2,3,,1,2,2,3,
Peru,PER,2008,5,5,1,5,7,3,12,
Peru,PER,2010,4,11,1,8,10,7,14,
Peru,PER,2011,6,13,3,7,10,6,14,1
Peru,PER,2012,5,8,3,10,10,2,9,2
Peru,PER,2013,1,2,5,6,2,3,5,
Peru,PER,2014,5,7,2,1,5,3,5,
Peru,PER,2015,5,12,1,3,4,1,5,
Peru,PER,2016,7,9,1,2,2,2,7,
Peru,PER,2017,3,5,3,3,4,4,6,1
Peru,PER,2018,3,8,1,2,1,3,1,1
Peru,PER,2019,7,4,1,8,8,3,2,3
Peru,PER,2005,,2,,,,,7,
Peru,PER,2007,,1,3,,1,,10,
Peru,PER,2009,,3,4,2,8,3,11,1
Peru,PER,2000,,,2,3,2,1,6,
Peru,PER,2001,,,3,1,1,1,3,
Peru,PER,2002,,,2,1,2,,,
Peru,PER,2004,,,,1,1,,6,
Peru,PER,2020,,,,,2,1,,
Philippines,PHL,2013,2,3,,5,1,3,3,1
Philippines,PHL,2014,19,10,5,17,5,4,44,4
Philippines,PHL,2015,26,17,20,37,13,13,63,1
Philippines,PHL,2016,59,5,3,25,13,9,50,4
Philippines,PHL,2017,37,7,4,28,14,12,34,2
Philippines,PHL,2018,31,15,7,23,7,7,53,1
Philippines,PHL,2019,24,6,3,13,7,9,28,5
Philippines,PHL,2020,16,3,4,10,6,3,13,6
Philippines,PHL,2021,2,,,,,,,
Philippines,PHL,2012,,1,,,2,,,
Philippines,PHL,2005,,,,,,,2,
Philippines,PHL,2007,,,,,,,1,
Philippines,PHL,2008,,,,,,,1,
Philippines,PHL,2011,,,,,,,1,
Poland,POL,2000,7,16,1,12,10,,25,
Poland,POL,2001,1,11,1,32,2,,27,2
Poland,POL,2003,5,11,3,53,5,,23,
Poland,POL,2004,5,32,6,56,10,2,32,2
Poland,POL,2005,13,36,12,61,13,7,52,3
Poland,POL,2006,9,25,13,55,14,8,51,5
Poland,POL,2007,13,26,7,74,10,1,89,3
Poland,POL,2008,39,47,14,79,20,9,113,10
Poland,POL,2009,25,50,8,125,21,7,137,12
Poland,POL,2010,46,88,18,118,22,12,128,11
Poland,POL,2011,54,71,24,188,17,6,131,10
Poland,POL,2012,56,75,20,154,19,4,148,5
Poland,POL,2013,57,66,10,154,40,11,145,17
Poland,POL,2014,71,60,8,121,18,6,98,7
Poland,POL,2015,68,43,10,92,26,10,76,14
Poland,POL,2016,62,41,15,99,20,7,55,12
Poland,POL,2017,37,20,10,58,10,2,39,13
Poland,POL,2018,56,39,9,35,8,,41,17
Poland,POL,2019,49,21,5,27,8,2,8,2
Poland,POL,2020,5,2,,4,1,,6,
Poland,POL,2002,,16,6,64,13,,22,
Portugal,PRT,2000,5,9,2,38,8,6,20,1
Portugal,PRT,2001,6,13,4,44,2,7,17,1
Portugal,PRT,2002,13,22,4,98,7,11,12,3
Portugal,PRT,2003,7,9,3,55,7,4,14,1
Portugal,PRT,2004,11,23,6,44,5,14,15,2
Portugal,PRT,2005,15,26,5,37,6,16,20,2
Portugal,PRT,2006,13,25,8,41,7,12,20,2
Portugal,PRT,2007,22,26,8,26,4,16,32,2
Portugal,PRT,2008,41,48,10,44,10,23,33,1
Portugal,PRT,2009,35,69,15,58,15,23,43,2
Portugal,PRT,2010,39,55,13,55,14,39,33,
Portugal,PRT,2011,32,55,13,69,16,24,49,5
Portugal,PRT,2012,33,42,8,124,14,18,40,
Portugal,PRT,2013,28,30,9,113,11,17,30,
Portugal,PRT,2014,27,31,4,97,18,23,33,
Portugal,PRT,2015,32,36,9,46,11,13,24,
Portugal,PRT,2016,25,30,5,50,7,7,23,1
Portugal,PRT,2017,17,10,2,30,9,16,7,
Portugal,PRT,2018,6,4,5,7,1,4,5,2
Portugal,PRT,2019,1,2,,,1,2,,
Romania,ROU,2006,1,1,,10,3,2,7,
Romania,ROU,2007,1,11,,3,3,2,1,1
Romania,ROU,2008,2,14,,21,12,1,8,2
Romania,ROU,2009,1,19,2,32,13,5,6,1
Romania,ROU,2010,1,27,2,19,14,7,6,
Romania,ROU,2011,5,38,1,43,20,2,10,2
Romania,ROU,2012,4,18,1,21,10,3,3,
Romania,ROU,2013,6,15,1,23,14,2,9,1
Romania,ROU,2015,5,16,1,11,11,4,4,
Romania,ROU,2016,2,9,2,14,12,6,9,
Romania,ROU,2017,4,11,1,14,5,2,3,2
Romania,ROU,2018,10,9,2,8,7,2,2,
Romania,ROU,2019,4,5,2,11,5,1,4,
Romania,ROU,2000,,6,,3,5,1,,
Romania,ROU,2001,,4,,3,2,1,,1
Romania,ROU,2002,,5,1,,1,3,3,
Romania,ROU,2003,,4,,1,2,,,
Romania,ROU,2004,,3,,2,2,,1,1
Romania,ROU,2005,,10,,10,3,3,1,
Romania,ROU,2014,,16,,28,9,2,8,
Romania,ROU,2020,,,,4,1,3,,
Russia,RUS,2000,7,47,4,49,28,8,56,1
Russia,RUS,2001,12,38,4,76,35,3,41,5
Russia,RUS,2002,18,36,8,88,41,9,47,1
Russia,RUS,2003,23,43,5,121,67,4,44,
Russia,RUS,2004,18,32,3,94,57,10,69,1
Russia,RUS,2005,28,51,4,121,57,16,48,4
Russia,RUS,2006,34,59,9,146,61,18,77,5
Russia,RUS,2007,59,70,6,181,71,26,125,7
Russia,RUS,2008,74,64,15,225,92,34,128,5
Russia,RUS,2009,82,85,15,257,99,32,181,7
Russia,RUS,2010,93,126,19,243,73,32,181,14
Russia,RUS,2011,88,71,17,292,84,24,187,19
Russia,RUS,2012,103,86,20,318,98,35,171,7
Russia,RUS,2013,104,80,18,242,84,29,175,19
Russia,RUS,2014,86,91,16,250,93,25,161,11
Russia,RUS,2015,101,57,16,148,83,32,138,10
Russia,RUS,2016,98,48,11,170,78,19,116,17
Russia,RUS,2017,95,33,5,233,56,26,108,12
Russia,RUS,2018,94,35,10,129,44,21,91,15
Russia,RUS,2019,68,38,4,103,247,15,63,4
Russia,RUS,2020,38,18,1,44,21,11,22,1
Russia,RUS,2021,1,,,8,1,,,
San Marino,SMR,2006,1,,,,,,,
San Marino,SMR,2009,6,1,,,,1,,
San Marino,SMR,2010,2,,,,,,,
San Marino,SMR,2011,2,,2,,2,2,2,
San Marino,SMR,2013,1,2,,2,,,,
San Marino,SMR,2016,1,,,4,,,2,1
San Marino,SMR,2008,,4,1,,,,,
San Marino,SMR,2007,,,1,,,,1,
San Marino,SMR,2014,,,,1,,,,
San Marino,SMR,2015,,,,,1,1,,
Saudi Arabia,SAU,2008,2,,1,1,,,2,
Saudi Arabia,SAU,2009,4,,,,,,,
Saudi Arabia,SAU,2011,2,5,2,,,,,
Saudi Arabia,SAU,2005,,1,,2,1,1,,
Saudi Arabia,SAU,2010,,2,1,,,,,
Saudi Arabia,SAU,2012,,1,,,,,,
Saudi Arabia,SAU,2000,,,1,,,,2,
Saudi Arabia,SAU,2006,,,1,,,,,
Serbia,SRB,2008,2,3,,5,4,1,4,
Serbia,SRB,2010,2,7,1,12,6,3,1,
Serbia,SRB,2011,6,2,10,22,5,3,15,2
Serbia,SRB,2012,5,4,3,35,9,2,12,
Serbia,SRB,2013,2,3,2,6,4,1,10,
Serbia,SRB,2014,4,5,1,9,5,1,5,
Serbia,SRB,2015,7,,,4,1,1,14,
Serbia,SRB,2016,7,3,2,9,2,1,6,
Serbia,SRB,2017,3,2,,7,4,2,3,
Serbia,SRB,2020,1,1,,,1,,,
Serbia,SRB,2006,,1,1,3,4,1,,
Serbia,SRB,2007,,7,,2,4,4,4,
Serbia,SRB,2009,,3,1,1,4,1,6,
Serbia,SRB,2018,,1,1,8,2,,1,
Serbia,SRB,2005,,,,2,1,1,3,1
Serbia,SRB,2019,,,,1,,,,
Singapore,SGP,2000,3,,,,,,2,
Singapore,SGP,2001,2,,,,1,,,
Singapore,SGP,2002,8,,2,,,,2,
Singapore,SGP,2004,3,,2,,1,,2,
Singapore,SGP,2005,6,1,2,5,2,2,8,1
Singapore,SGP,2006,4,1,4,,,,9,1
Singapore,SGP,2007,27,8,5,10,3,2,20,1
Singapore,SGP,2008,28,4,2,7,1,1,20,
Singapore,SGP,2009,31,9,9,17,7,9,45,2
Singapore,SGP,2010,114,8,16,32,5,8,101,4
Singapore,SGP,2011,130,13,19,28,9,9,101,1
Singapore,SGP,2012,99,18,20,34,16,17,84,2
Singapore,SGP,2013,117,11,25,37,9,6,73,4
Singapore,SGP,2014,77,16,38,53,9,10,94,5
Singapore,SGP,2015,105,15,11,24,5,7,44,3
Singapore,SGP,2016,42,14,7,10,4,7,36,1
Singapore,SGP,2017,43,7,9,15,6,11,34,
Singapore,SGP,2018,52,6,9,23,3,2,64,2
Singapore,SGP,2019,22,3,8,14,5,5,31,4
Singapore,SGP,2020,1,1,,,,,,1
Singapore,SGP,2003,,,2,,,1,2,
Slovakia,SVK,2000,2,,,,1,,7,
Slovakia,SVK,2001,1,2,,4,,,4,1
Slovakia,SVK,2002,1,3,2,6,1,,1,
Slovakia,SVK,2007,2,3,,2,6,,,
Slovakia,SVK,2010,4,4,1,3,5,1,,1
Slovakia,SVK,2011,4,6,2,4,6,,1,
Slovakia,SVK,2012,2,11,1,1,2,,,1
Slovakia,SVK,2013,5,9,,4,7,,3,2
Slovakia,SVK,2014,4,6,,7,3,,7,
Slovakia,SVK,2015,5,3,1,5,10,1,3,2
Slovakia,SVK,2016,6,3,,7,2,,4,
Slovakia,SVK,2017,2,2,,4,,,7,1
Slovakia,SVK,2018,6,4,2,8,5,,3,
Slovakia,SVK,2019,12,7,,10,,,2,1
Slovakia,SVK,2020,9,4,,7,3,,1,
Slovakia,SVK,2003,,1,,,,,2,
Slovakia,SVK,2004,,3,1,2,,,2,
Slovakia,SVK,2005,,2,,,,,3,
Slovakia,SVK,2006,,3,,2,,1,5,
Slovakia,SVK,2008,,7,,1,4,,1,
Slovakia,SVK,2009,,18,,5,6,2,,
Slovenia,SVN,2001,1,,,4,2,,3,1
Slovenia,SVN,2003,6,5,4,21,6,,13,
Slovenia,SVN,2004,4,12,5,27,2,1,9,
Slovenia,SVN,2005,2,5,2,8,2,2,15,
Slovenia,SVN,2006,1,7,3,7,4,3,16,
Slovenia,SVN,2007,5,18,9,14,4,,20,1
Slovenia,SVN,2008,12,10,3,21,5,1,15,2
Slovenia,SVN,2009,9,14,6,13,7,1,33,2
Slovenia,SVN,2010,10,24,4,21,4,1,25,2
Slovenia,SVN,2011,9,10,11,26,6,3,19,3
Slovenia,SVN,2012,14,16,6,28,6,1,22,
Slovenia,SVN,2013,4,6,4,2,11,3,22,
Slovenia,SVN,2014,11,11,2,7,2,1,5,
Slovenia,SVN,2015,7,9,2,3,1,1,11,
Slovenia,SVN,2016,10,2,2,5,4,2,8,
Slovenia,SVN,2017,5,5,1,3,3,,1,
Slovenia,SVN,2019,2,3,3,1,1,1,,
Slovenia,SVN,2002,,2,,6,3,,3,
Slovenia,SVN,2000,,,,1,1,,5,
Slovenia,SVN,2018,,,,1,2,1,2,
South Africa,ZAF,2000,5,5,1,1,1,1,3,
South Africa,ZAF,2001,4,2,3,5,2,1,16,
South Africa,ZAF,2002,2,14,5,16,2,2,9,
South Africa,ZAF,2003,6,4,2,31,1,1,15,1
South Africa,ZAF,2004,10,16,5,21,2,4,26,
South Africa,ZAF,2005,8,21,12,30,2,6,37,1
South Africa,ZAF,2006,6,12,7,12,3,8,21,
South Africa,ZAF,2007,13,18,10,20,6,12,36,
South Africa,ZAF,2008,22,36,9,21,5,10,37,
South Africa,ZAF,2009,22,24,7,37,6,17,44,
South Africa,ZAF,2010,45,59,20,47,14,18,116,
South Africa,ZAF,2011,62,119,15,38,16,28,134,2
South Africa,ZAF,2012,93,104,11,73,7,9,122,2
South Africa,ZAF,2013,64,115,20,67,9,16,103,2
South Africa,ZAF,2014,64,113,13,88,16,13,80,3
South Africa,ZAF,2015,47,79,7,84,10,12,52,1
South Africa,ZAF,2016,36,24,7,38,5,7,114,1
South Africa,ZAF,2017,25,40,15,26,5,6,40,1
South Africa,ZAF,2018,43,40,15,21,5,4,41,2
South Africa,ZAF,2019,35,19,6,28,6,8,18,1
South Africa,ZAF,2020,5,9,2,7,,2,5,1
South Africa,ZAF,2021,,,,,1,,,
South America,,2000,16,29,8,57,30,8,73,1
South America,,2001,14,67,14,65,34,4,49,1
South America,,2002,12,47,12,135,36,3,47,
South America,,2003,14,26,13,89,44,8,67,1
South America,,2004,16,48,13,106,42,12,82,4
South America,,2005,36,62,9,108,40,15,125,4
South America,,2006,59,79,15,104,44,34,215,3
South America,,2007,84,96,42,168,57,45,376,
South America,,2008,114,103,49,159,74,58,492,1
South America,,2009,138,128,56,299,126,72,556,3
South America,,2010,178,181,55,335,95,71,548,5
South America,,2011,206,239,51,347,96,72,668,9
South America,,2012,191,196,59,391,113,55,644,15
South America,,2013,156,163,56,382,101,67,468,15
South America,,2014,141,136,40,309,86,49,328,3
South America,,2015,145,149,46,331,76,35,314,5
South America,,2016,180,103,25,336,56,41,267,8
South America,,2017,172,95,48,270,66,30,254,6
South America,,2018,155,80,24,245,44,22,217,7
South America,,2019,157,96,26,134,52,24,164,17
South America,,2020,44,32,6,24,18,16,25,10
South America,,2021,6,8,3,,2,,7,1
South Korea,KOR,2000,182,62,17,115,59,26,155,5
South Korea,KOR,2001,209,58,21,137,76,20,172,3
South Korea,KOR,2002,174,70,15,148,71,23,201,3
South Korea,KOR,2003,244,82,18,197,63,24,227,9
South Korea,KOR,2004,416,128,17,205,128,36,240,15
South Korea,KOR,2005,554,140,32,256,163,61,275,22
South Korea,KOR,2006,748,204,66,286,132,74,357,48
South Korea,KOR,2007,1225,211,74,347,189,88,459,44
South Korea,KOR,2008,2230,404,158,725,299,176,607,71
South Korea,KOR,2009,3243,533,180,1158,381,268,725,113
South Korea,KOR,2010,3695,526,187,1201,343,253,779,107
South Korea,KOR,2011,4112,536,213,1377,354,247,779,97
South Korea,KOR,2012,3442,445,212,1392,348,223,749,69
South Korea,KOR,2013,3194,385,136,1036,270,203,798,86
South Korea,KOR,2014,2953,271,173,950,305,198,964,91
South Korea,KOR,2015,2492,168,142,551,217,174,748,78
South Korea,KOR,2016,2947,199,171,645,190,114,697,128
South Korea,KOR,2017,2754,151,96,723,201,131,664,101
South Korea,KOR,2018,3012,189,107,599,189,109,599,94
South Korea,KOR,2019,2537,131,55,502,181,72,549,94
South Korea,KOR,2020,670,43,27,172,63,20,153,25
South Korea,KOR,2021,101,,,26,6,1,20,2
Spain,ESP,2000,48,41,12,79,21,17,60,4
Spain,ESP,2001,26,26,10,91,11,19,59,1
Spain,ESP,2002,47,65,8,166,16,15,59,2
Spain,ESP,2003,44,50,19,121,17,11,52,1
Spain,ESP,2004,66,91,17,162,10,20,69,5
Spain,ESP,2005,100,103,20,174,23,24,83,3
Spain,ESP,2006,114,134,21,205,23,25,82,3
Spain,ESP,2007,181,178,26,308,19,29,119,10
Spain,ESP,2008,236,249,37,342,25,43,155,6
Spain,ESP,2009,218,341,33,429,35,45,181,13
Spain,ESP,2010,238,313,41,473,44,47,174,5
Spain,ESP,2011,250,259,34,513,43,38,173,15
Spain,ESP,2012,229,251,32,504,54,35,152,2
Spain,ESP,2013,204,184,29,390,43,39,148,4
Spain,ESP,2014,191,163,20,422,44,43,103,2
Spain,ESP,2015,185,146,27,302,24,33,91,
Spain,ESP,2016,115,110,23,329,23,17,60,7
Spain,ESP,2017,109,64,13,228,22,13,49,4
Spain,ESP,2018,56,42,14,97,11,8,14,1
Spain,ESP,2019,45,32,5,42,11,5,6,1
Spain,ESP,2020,33,23,2,11,6,7,3,
Spain,ESP,2021,4,1,,1,1,1,,
Sweden,SWE,2000,1,8,,8,3,,6,1
Sweden,SWE,2001,2,2,1,11,2,3,7,2
Sweden,SWE,2002,1,3,1,14,,3,10,2
Sweden,SWE,2003,6,3,,5,2,3,7,1
Sweden,SWE,2004,6,4,,6,2,2,10,2
Sweden,SWE,2006,4,6,,7,1,1,8,3
Sweden,SWE,2007,6,16,5,23,3,5,5,3
Sweden,SWE,2008,8,16,3,22,3,5,27,7
Sweden,SWE,2009,5,15,3,44,2,2,15,3
Sweden,SWE,2010,6,11,3,13,1,2,16,
Sweden,SWE,2011,2,8,3,15,1,3,21,2
Sweden,SWE,2012,8,4,3,9,4,1,5,4
Sweden,SWE,2013,9,12,1,14,4,3,9,
Sweden,SWE,2014,13,13,5,2,2,5,14,3
Sweden,SWE,2015,12,7,3,10,2,10,3,7
Sweden,SWE,2016,9,6,4,3,2,3,15,1
Sweden,SWE,2017,9,14,,7,2,1,23,3
Sweden,SWE,2018,9,10,2,10,3,3,13,2
Sweden,SWE,2019,9,3,3,8,3,2,9,3
Sweden,SWE,2020,3,1,1,,,,5,
Sweden,SWE,2005,,7,2,9,,1,6,3
Switzerland,CHE,2000,2,7,,1,,,,
Switzerland,CHE,2003,1,5,2,4,1,,2,
Switzerland,CHE,2004,1,1,1,,1,,4,
Switzerland,CHE,2006,4,6,1,4,3,1,2,2
Switzerland,CHE,2007,6,3,,1,,,6,
Switzerland,CHE,2008,12,16,,8,4,2,5,
Switzerland,CHE,2009,25,26,9,11,7,,3,1
Switzerland,CHE,2010,16,49,10,8,6,3,5,2
Switzerland,CHE,2011,25,33,7,10,6,2,7,2
Switzerland,CHE,2012,23,26,2,24,16,3,12,5
Switzerland,CHE,2013,23,19,4,8,8,2,9,1
Switzerland,CHE,2014,15,13,1,6,3,,6,3
Switzerland,CHE,2015,18,11,2,5,1,,2,2
Switzerland,CHE,2016,17,17,6,7,2,,1,3
Switzerland,CHE,2017,12,13,3,13,5,2,1,1
Switzerland,CHE,2018,5,6,2,11,2,1,3,1
Switzerland,CHE,2019,7,9,1,3,1,,4,
Switzerland,CHE,2020,3,1,1,,1,,2,
Switzerland,CHE,2001,,1,,,1,,,
Switzerland,CHE,2002,,1,1,1,,,3,
Switzerland,CHE,2005,,2,1,1,,,2,
Taiwan,TWN,2000,40,25,2,14,1,4,8,
Taiwan,TWN,2001,59,35,7,10,3,2,8,3
Taiwan,TWN,2002,83,11,2,16,8,1,15,4
Taiwan,TWN,2003,80,30,4,21,4,4,9,5
Taiwan,TWN,2004,95,32,4,43,13,3,29,3
Taiwan,TWN,2005,180,48,3,42,18,2,26,3
Taiwan,TWN,2006,279,104,15,83,20,13,32,1
Taiwan,TWN,2007,502,174,22,96,30,24,44,8
Taiwan,TWN,2008,852,213,26,168,39,23,44,2
Taiwan,TWN,2009,1175,225,26,192,47,34,55,10
Taiwan,TWN,2010,1462,277,22,165,45,35,62,5
Taiwan,TWN,2011,1591,203,32,201,51,27,72,5
Taiwan,TWN,2012,1426,186,26,162,47,42,54,11
Taiwan,TWN,2013,1250,158,18,169,37,29,40,4
Taiwan,TWN,2014,1124,117,21,202,42,31,47,3
Taiwan,TWN,2015,949,87,20,153,49,32,67,1
Taiwan,TWN,2016,765,79,26,153,60,36,34,5
Taiwan,TWN,2017,724,78,10,175,47,28,44,5
Taiwan,TWN,2018,598,71,8,167,43,25,32,8
Taiwan,TWN,2019,450,96,7,176,43,11,30,1
Taiwan,TWN,2020,162,33,2,61,17,3,4,1
Tajikistan,TJK,2001,,2,,,,,,
Tajikistan,TJK,2005,,,,1,,,,
Tajikistan,TJK,2002,,,,,1,,,
Tunisia,TUN,2004,2,1,,,,,,
Tunisia,TUN,2005,1,2,,,,1,1,
Tunisia,TUN,2006,1,1,1,1,,,,
Tunisia,TUN,2007,4,2,,3,1,1,1,1
Tunisia,TUN,2008,7,19,5,13,,1,2,
Tunisia,TUN,2009,10,22,2,12,4,4,3,
Tunisia,TUN,2010,8,13,4,9,3,2,5,
Tunisia,TUN,2011,14,39,3,2,2,2,7,
Tunisia,TUN,2012,15,40,3,,,3,10,
Tunisia,TUN,2013,8,38,3,5,,1,1,
Tunisia,TUN,2014,8,19,3,12,2,1,3,
Tunisia,TUN,2015,9,25,,3,1,1,5,
Tunisia,TUN,2016,3,7,1,,1,1,4,
Tunisia,TUN,2017,2,7,,2,2,2,2,
Tunisia,TUN,2018,2,,,3,,2,1,
Tunisia,TUN,2019,1,,,,,,,
Tunisia,TUN,2001,,2,,,,,,
Tunisia,TUN,2003,,1,1,,,,,
Tunisia,TUN,2002,,,1,,,,,
Tunisia,TUN,2000,,,,,1,,2,
Turkey,TUR,2000,1,6,1,12,1,,9,
Turkey,TUR,2001,1,2,,9,1,,2,1
Turkey,TUR,2006,1,4,,7,3,2,1,
Turkey,TUR,2007,3,24,,7,7,2,6,
Turkey,TUR,2009,5,29,2,13,11,6,10,1
Turkey,TUR,2010,9,27,2,15,3,9,8,1
Turkey,TUR,2011,8,25,4,13,11,1,11,
Turkey,TUR,2012,7,16,1,18,6,1,9,
Turkey,TUR,2013,7,1,1,18,2,1,7,
Turkey,TUR,2014,13,7,1,26,3,1,3,1
Turkey,TUR,2015,15,6,3,6,7,4,8,
Turkey,TUR,2016,16,8,4,15,9,3,7,1
Turkey,TUR,2017,27,27,5,12,6,3,6,
Turkey,TUR,2018,8,12,1,12,4,2,,
Turkey,TUR,2019,7,4,,7,11,2,1,
Turkey,TUR,2020,8,7,,14,8,,2,
Turkey,TUR,2002,,7,,4,,,,
Turkey,TUR,2003,,10,,,1,,,
Turkey,TUR,2004,,11,,2,,1,,
Turkey,TUR,2005,,10,,2,4,2,6,
Turkey,TUR,2008,,15,2,10,11,5,10,
Turkey,TUR,2021,,,,1,,,,
Ukraine,UKR,2000,2,5,,3,,,9,
Ukraine,UKR,2001,3,2,,11,2,,3,
Ukraine,UKR,2003,6,18,1,62,11,5,13,
Ukraine,UKR,2004,3,6,,22,10,1,6,
Ukraine,UKR,2005,3,9,,46,16,2,23,1
Ukraine,UKR,2006,5,17,,59,18,4,20,
Ukraine,UKR,2007,4,21,1,77,25,6,35,
Ukraine,UKR,2008,5,16,2,51,30,6,21,
Ukraine,UKR,2009,4,32,3,81,25,2,87,1
Ukraine,UKR,2010,12,52,4,75,24,4,85,
Ukraine,UKR,2011,9,36,5,66,22,4,44,
Ukraine,UKR,2012,17,15,3,71,24,11,44,1
Ukraine,UKR,2013,19,41,1,72,9,3,31,2
Ukraine,UKR,2014,25,41,7,57,21,5,32,
Ukraine,UKR,2015,26,33,3,48,18,1,23,
Ukraine,UKR,2016,20,28,,41,16,5,21,
Ukraine,UKR,2017,24,27,,79,15,3,11,
Ukraine,UKR,2018,11,17,1,36,9,,9,
Ukraine,UKR,2002,,2,,7,6,1,8,
Ukraine,UKR,2019,,2,,16,1,,,
United Kingdom,GBR,2000,15,17,7,29,1,12,17,
United Kingdom,GBR,2001,23,19,6,54,5,13,27,
United Kingdom,GBR,2002,39,16,5,39,13,26,35,2
United Kingdom,GBR,2003,26,21,10,48,10,32,30,1
United Kingdom,GBR,2004,23,31,7,63,17,38,16,2
United Kingdom,GBR,2005,75,43,17,82,33,45,25,3
United Kingdom,GBR,2006,72,56,17,123,31,63,37,5
United Kingdom,GBR,2007,87,92,33,166,46,69,68,18
United Kingdom,GBR,2008,111,121,47,240,65,94,83,18
United Kingdom,GBR,2009,131,102,49,227,48,96,68,9
United Kingdom,GBR,2010,146,111,58,238,87,105,67,6
United Kingdom,GBR,2011,147,85,36,227,68,104,66,6
United Kingdom,GBR,2012,162,85,35,153,42,71,57,10
United Kingdom,GBR,2013,116,65,29,134,48,79,45,8
United Kingdom,GBR,2014,136,83,20,135,43,65,55,7
United Kingdom,GBR,2015,80,54,21,161,31,59,58,7
United Kingdom,GBR,2016,89,49,21,95,28,54,44,7
United Kingdom,GBR,2017,104,53,16,121,19,40,36,9
United Kingdom,GBR,2018,91,21,12,92,13,18,34,5
United Kingdom,GBR,2019,73,22,14,94,11,23,34,10
United Kingdom,GBR,2020,34,23,3,43,9,8,7,1
United Kingdom,GBR,2021,,1,,2,1,1,1,
United States,USA,2000,419,142,66,130,37,24,161,10
United States,USA,2001,602,196,94,188,41,37,280,8
United States,USA,2002,536,202,74,248,54,37,288,21
United States,USA,2003,633,278,122,321,67,53,290,25
United States,USA,2004,925,285,115,445,102,65,425,19
United States,USA,2005,1122,346,136,578,111,108,500,29
United States,USA,2006,1376,436,165,587,109,114,654,67
United States,USA,2007,1760,617,227,908,154,173,888,68
United States,USA,2008,2500,821,232,1293,201,200,1228,79
United States,USA,2009,3655,1174,297,1748,252,267,1289,113
United States,USA,2010,4638,1490,427,2081,269,265,1497,101
United States,USA,2011,5076,1465,390,2062,259,246,1675,121
United States,USA,2012,4811,1274,337,1961,264,225,1709,111
United States,USA,2013,4469,1245,395,1766,259,193,1734,105
United States,USA,2014,4471,1057,340,1630,227,210,1592,95
United States,USA,2015,4403,944,366,1515,214,180,1399,63
United States,USA,2016,4376,830,376,1451,208,182,1306,73
United States,USA,2017,4326,685,347,1663,198,177,1051,54
United States,USA,2018,4019,582,327,1546,165,144,898,80
United States,USA,2019,3259,412,263,942,126,112,670,59
United States,USA,2020,2161,283,162,591,77,69,439,32
United States,USA,2021,263,54,18,39,9,4,76,4
Upper-middle-income countries,,2000,140,570,57,235,149,37,289,17
Upper-middle-income countries,,2001,190,648,77,340,164,41,272,30
Upper-middle-income countries,,2002,276,902,99,491,194,41,330,40
Upper-middle-income countries,,2003,303,785,139,512,250,34,437,56
Upper-middle-income countries,,2004,472,988,121,651,265,135,557,36
Upper-middle-income countries,,2005,666,1124,205,947,312,145,743,54
Upper-middle-income countries,,2006,1091,1836,313,1206,381,199,1437,92
Upper-middle-income countries,,2007,1859,2154,409,1753,507,267,2010,112
Upper-middle-income countries,,2008,2633,3045,556,2368,646,323,2504,121
Upper-middle-income countries,,2009,4437,4063,837,3728,910,421,2786,232
Upper-middle-income countries,,2010,6823,5093,1179,4130,939,500,3276,183
Upper-middle-income countries,,2011,8091,5348,1229,4817,1270,567,3860,258
Upper-middle-income countries,,2012,8891,5986,1320,4902,1225,609,3997,285
Upper-middle-income countries,,2013,8451,5535,1298,4021,1186,626,3648,274
Upper-middle-income countries,,2014,10464,4678,1633,4130,1346,716,4031,295
Upper-middle-income countries,,2015,13287,5430,2129,4821,1665,679,4787,371
Upper-middle-income countries,,2016,17589,6216,2784,6341,1738,848,5694,619
Upper-middle-income countries,,2017,22196,6454,2223,8533,2036,859,5056,794
Upper-middle-income countries,,2018,24983,6437,1265,9041,1987,893,4114,685
Upper-middle-income countries,,2019,20986,7697,1223,8585,2375,873,3778,949
Upper-middle-income countries,,2020,20391,7829,1018,8773,2011,932,2631,829
Upper-middle-income countries,,2021,915,330,49,660,185,96,104,13
Uruguay,URY,2012,2,3,4,3,,,13,
Uruguay,URY,2013,2,,,1,,1,3,
Uruguay,URY,2014,1,,,,,,7,
Uruguay,URY,2015,1,,,25,,,13,
Uruguay,URY,2018,1,,,2,,,2,
Uruguay,URY,2019,3,1,,,,,11,
Uruguay,URY,2020,1,,,,3,1,3,
Uruguay,URY,2002,,2,,,,,,
Uruguay,URY,2003,,1,,,,,,
Uruguay,URY,2005,,3,,2,2,1,,
Uruguay,URY,2011,,5,,3,,,14,
Uruguay,URY,2017,,1,,1,,,5,
Uruguay,URY,2007,,,1,,1,2,7,
Uruguay,URY,2009,,,1,6,,,2,
Uruguay,URY,2004,,,,3,,,,
Uruguay,URY,2010,,,,3,1,1,9,
Uruguay,URY,2016,,,,21,,1,2,
Uruguay,URY,2006,,,,,1,1,4,
Uruguay,URY,2008,,,,,2,2,9,
Uruguay,URY,2000,,,,,,,1,
Vietnam,VNM,2010,,,,,,,2,
World,OWID_WRL,2000,3236,1952,551,1782,691,287,2285,128
World,OWID_WRL,2001,3316,2026,597,2274,616,298,2388,175
World,OWID_WRL,2002,3236,2307,547,2920,736,312,2599,222
World,OWID_WRL,2003,3576,2217,718,3050,833,346,2719,225
World,OWID_WRL,2004,4309,2595,622,3166,912,545,2908,232
World,OWID_WRL,2005,5086,2874,795,3699,1042,646,3360,280
World,OWID_WRL,2006,6281,4063,1007,4141,1140,809,4686,378
World,OWID_WRL,2007,8867,5031,1289,5765,1440,1072,6190,513
World,OWID_WRL,2008,12836,7154,1618,7824,1978,1405,7274,558
World,OWID_WRL,2009,19150,9470,2094,10773,2417,1774,8119,815
World,OWID_WRL,2010,24623,11170,2610,12010,2464,1810,8824,677
World,OWID_WRL,2011,27247,11003,2632,12961,2853,1814,9538,774
World,OWID_WRL,2012,26796,10790,2620,12852,2883,1792,9630,797
World,OWID_WRL,2013,23927,9546,2513,10756,2635,1696,9008,756
World,OWID_WRL,2014,24718,8048,2803,10543,2674,1756,9178,724
World,OWID_WRL,2015,26254,8159,3208,10088,2752,1557,9270,702
World,OWID_WRL,2016,30249,8557,3825,11487,2773,1605,9681,1041
World,OWID_WRL,2017,33945,8330,3079,13780,2985,1585,8551,1120
World,OWID_WRL,2018,36117,8116,2055,13579,2799,1427,7243,1035
World,OWID_WRL,2019,29775,8955,1822,11527,3037,1261,6137,1248
World,OWID_WRL,2020,24184,8424,1293,9934,2274,1104,3544,927
World,OWID_WRL,2021,1453,449,90,775,206,116,253,25