Entity,Code,Year,Total patents
Africa,,2000,81
Africa,,2001,139
Africa,,2002,146
Africa,,2003,155
Africa,,2004,201
Africa,,2005,236
Africa,,2006,216
Africa,,2007,314
Africa,,2008,397
Africa,,2009,453
Africa,,2010,689
Africa,,2011,988
Africa,,2012,961
Africa,,2013,864
Africa,,2014,806
Africa,,2015,637
Africa,,2016,399
Africa,,2017,323
Africa,,2018,361
Africa,,2019,252
Africa,,2020,43
Africa,,2021,1
Algeria,DZA,2000,5
Algeria,DZA,2001,6
Algeria,DZA,2002,2
Argentina,ARG,2000,95
Argentina,ARG,2001,63
Argentina,ARG,2002,97
Argentina,ARG,2003,74
Argentina,ARG,2004,76
Argentina,ARG,2005,95
Argentina,ARG,2006,120
Argentina,ARG,2007,127
Argentina,ARG,2008,159
Argentina,ARG,2009,188
Argentina,ARG,2010,242
Argentina,ARG,2011,176
Argentina,ARG,2012,229
Argentina,ARG,2013,243
Argentina,ARG,2014,159
Argentina,ARG,2015,148
Argentina,ARG,2016,156
Argentina,ARG,2017,107
Argentina,ARG,2018,93
Argentina,ARG,2019,79
Asia,,2000,18183
Asia,,2001,19516
Asia,,2002,21388
Asia,,2003,23709
Asia,,2004,26864
Asia,,2005,30236
Asia,,2006,37837
Asia,,2007,42603
Asia,,2008,51342
Asia,,2009,62900
Asia,,2010,78636
Asia,,2011,94590
Asia,,2012,100959
Asia,,2013,93629
Asia,,2014,98684
Asia,,2015,106372
Asia,,2016,133060
Asia,,2017,157106
Asia,,2018,175291
Asia,,2019,174369
Asia,,2020,135798
Asia,,2021,7206
Australia,AUS,2000,1778
Australia,AUS,2001,2378
Australia,AUS,2002,1603
Australia,AUS,2003,3347
Australia,AUS,2004,877
Australia,AUS,2005,932
Australia,AUS,2006,1008
Australia,AUS,2007,1450
Australia,AUS,2008,1661
Australia,AUS,2009,2128
Australia,AUS,2010,2635
Australia,AUS,2011,2381
Australia,AUS,2012,2364
Australia,AUS,2013,2066
Australia,AUS,2014,1790
Australia,AUS,2015,1722
Australia,AUS,2016,1707
Australia,AUS,2017,1914
Australia,AUS,2018,2042
Australia,AUS,2019,1806
Australia,AUS,2020,722
Australia,AUS,2021,310
Austria,AUT,2000,833
Austria,AUT,2001,816
Austria,AUT,2002,959
Austria,AUT,2003,866
Austria,AUT,2004,864
Austria,AUT,2005,932
Austria,AUT,2006,939
Austria,AUT,2007,1024
Austria,AUT,2008,1092
Austria,AUT,2009,753
Austria,AUT,2010,452
Austria,AUT,2011,278
Austria,AUT,2012,205
Austria,AUT,2013,162
Austria,AUT,2014,161
Austria,AUT,2015,166
Austria,AUT,2016,128
Austria,AUT,2017,149
Austria,AUT,2018,154
Austria,AUT,2019,145
Austria,AUT,2020,12
Belarus,BLR,2007,1
Belgium,BEL,2000,22
Belgium,BEL,2001,13
Belgium,BEL,2002,12
Belgium,BEL,2003,7
Belgium,BEL,2004,18
Belgium,BEL,2005,35
Belgium,BEL,2006,19
Belgium,BEL,2007,39
Belgium,BEL,2008,34
Belgium,BEL,2009,46
Belgium,BEL,2010,29
Belgium,BEL,2011,49
Belgium,BEL,2012,46
Belgium,BEL,2013,30
Belgium,BEL,2014,54
Belgium,BEL,2015,39
Belgium,BEL,2016,40
Belgium,BEL,2017,66
Belgium,BEL,2018,87
Belgium,BEL,2019,43
Belgium,BEL,2020,5
Brazil,BRA,2000,374
Brazil,BRA,2001,467
Brazil,BRA,2002,456
Brazil,BRA,2003,480
Brazil,BRA,2004,556
Brazil,BRA,2005,635
Brazil,BRA,2006,876
Brazil,BRA,2007,1304
Brazil,BRA,2008,1340
Brazil,BRA,2009,1822
Brazil,BRA,2010,2349
Brazil,BRA,2011,2275
Brazil,BRA,2012,2195
Brazil,BRA,2013,1756
Brazil,BRA,2014,1340
Brazil,BRA,2015,1302
Brazil,BRA,2016,1403
Brazil,BRA,2017,1364
Brazil,BRA,2018,1225
Brazil,BRA,2019,818
Brazil,BRA,2020,78
Bulgaria,BGR,2000,12
Bulgaria,BGR,2001,23
Bulgaria,BGR,2002,14
Bulgaria,BGR,2003,21
Bulgaria,BGR,2004,13
Bulgaria,BGR,2005,22
Bulgaria,BGR,2006,19
Bulgaria,BGR,2007,15
Bulgaria,BGR,2008,18
Bulgaria,BGR,2009,14
Bulgaria,BGR,2010,7
Bulgaria,BGR,2011,27
Bulgaria,BGR,2012,33
Bulgaria,BGR,2013,27
Bulgaria,BGR,2014,9
Bulgaria,BGR,2015,22
Bulgaria,BGR,2016,13
Bulgaria,BGR,2017,8
Bulgaria,BGR,2018,20
Bulgaria,BGR,2019,13
Bulgaria,BGR,2020,12
Canada,CAN,2000,1389
Canada,CAN,2001,1445
Canada,CAN,2002,1604
Canada,CAN,2003,1631
Canada,CAN,2004,1717
Canada,CAN,2005,1805
Canada,CAN,2006,2048
Canada,CAN,2007,2570
Canada,CAN,2008,2675
Canada,CAN,2009,3069
Canada,CAN,2010,3425
Canada,CAN,2011,3368
Canada,CAN,2012,3449
Canada,CAN,2013,3175
Canada,CAN,2014,3073
Canada,CAN,2015,2937
Canada,CAN,2016,2605
Canada,CAN,2017,2548
Canada,CAN,2018,2323
Canada,CAN,2019,1960
Canada,CAN,2020,364
Canada,CAN,2021,1
Chile,CHL,2003,1
Chile,CHL,2004,7
Chile,CHL,2006,5
Chile,CHL,2007,31
Chile,CHL,2008,106
Chile,CHL,2009,95
Chile,CHL,2010,63
Chile,CHL,2011,226
Chile,CHL,2012,306
Chile,CHL,2013,320
Chile,CHL,2014,333
Chile,CHL,2015,303
Chile,CHL,2016,281
Chile,CHL,2017,191
Chile,CHL,2018,164
Chile,CHL,2019,202
Chile,CHL,2020,169
Chile,CHL,2021,7
China,CHN,2000,2132
China,CHN,2001,2687
China,CHN,2002,3530
China,CHN,2003,4512
China,CHN,2004,5805
China,CHN,2005,7778
China,CHN,2006,12201
China,CHN,2007,15157
China,CHN,2008,19972
China,CHN,2009,26458
China,CHN,2010,35209
China,CHN,2011,44164
China,CHN,2012,48954
China,CHN,2013,47920
China,CHN,2014,52964
China,CHN,2015,65398
China,CHN,2016,91145
China,CHN,2017,117091
China,CHN,2018,132740
China,CHN,2019,141244
China,CHN,2020,128933
China,CHN,2021,6380
Colombia,COL,2000,12
Colombia,COL,2001,5
Colombia,COL,2002,1
Colombia,COL,2004,4
Colombia,COL,2005,10
Colombia,COL,2006,3
Colombia,COL,2007,10
Colombia,COL,2008,20
Colombia,COL,2009,46
Colombia,COL,2010,49
Colombia,COL,2011,102
Colombia,COL,2012,110
Colombia,COL,2013,98
Colombia,COL,2014,58
Colombia,COL,2015,18
Colombia,COL,2016,5
Colombia,COL,2017,63
Colombia,COL,2018,78
Colombia,COL,2019,67
Colombia,COL,2020,59
Colombia,COL,2021,28
Costa Rica,CRI,2003,5
Costa Rica,CRI,2004,4
Costa Rica,CRI,2005,11
Costa Rica,CRI,2006,3
Costa Rica,CRI,2007,10
Costa Rica,CRI,2008,15
Costa Rica,CRI,2009,14
Costa Rica,CRI,2010,10
Costa Rica,CRI,2011,30
Costa Rica,CRI,2012,8
Costa Rica,CRI,2013,26
Costa Rica,CRI,2014,18
Costa Rica,CRI,2015,14
Costa Rica,CRI,2016,2
Costa Rica,CRI,2017,9
Costa Rica,CRI,2018,22
Costa Rica,CRI,2019,4
Croatia,HRV,2000,13
Croatia,HRV,2001,11
Croatia,HRV,2002,10
Croatia,HRV,2003,11
Croatia,HRV,2004,17
Croatia,HRV,2005,11
Croatia,HRV,2006,15
Croatia,HRV,2007,13
Croatia,HRV,2008,23
Croatia,HRV,2009,17
Croatia,HRV,2010,14
Croatia,HRV,2011,60
Croatia,HRV,2012,79
Croatia,HRV,2013,61
Croatia,HRV,2014,76
Croatia,HRV,2015,74
Croatia,HRV,2016,129
Croatia,HRV,2017,131
Croatia,HRV,2018,155
Croatia,HRV,2019,157
Croatia,HRV,2020,106
Croatia,HRV,2021,42
Cuba,CUB,2000,12
Cuba,CUB,2002,6
Cuba,CUB,2003,1
Cuba,CUB,2005,5
Cuba,CUB,2006,1
Cuba,CUB,2007,5
Cuba,CUB,2008,4
Cuba,CUB,2009,9
Cuba,CUB,2010,4
Cuba,CUB,2011,19
Cuba,CUB,2012,14
Cuba,CUB,2013,18
Cuba,CUB,2014,69
Cuba,CUB,2015,14
Cuba,CUB,2016,3
Cuba,CUB,2017,17
Cuba,CUB,2019,1
Cyprus,CYP,2004,1
Cyprus,CYP,2005,3
Cyprus,CYP,2006,5
Cyprus,CYP,2007,23
Cyprus,CYP,2008,38
Cyprus,CYP,2009,28
Cyprus,CYP,2010,32
Cyprus,CYP,2011,49
Cyprus,CYP,2012,85
Cyprus,CYP,2013,54
Cyprus,CYP,2014,61
Cyprus,CYP,2015,77
Cyprus,CYP,2016,89
Cyprus,CYP,2017,73
Cyprus,CYP,2018,77
Cyprus,CYP,2019,24
Czechia,CZE,2000,103
Czechia,CZE,2001,93
Czechia,CZE,2002,61
Czechia,CZE,2003,52
Czechia,CZE,2004,38
Czechia,CZE,2005,48
Czechia,CZE,2006,57
Czechia,CZE,2007,85
Czechia,CZE,2008,73
Czechia,CZE,2009,111
Czechia,CZE,2010,77
Czechia,CZE,2011,97
Czechia,CZE,2012,133
Czechia,CZE,2013,59
Czechia,CZE,2014,58
Czechia,CZE,2015,39
Czechia,CZE,2016,37
Czechia,CZE,2017,66
Czechia,CZE,2018,78
Czechia,CZE,2019,95
Czechia,CZE,2020,32
Czechia,CZE,2021,10
Denmark,DNK,2000,255
Denmark,DNK,2001,217
Denmark,DNK,2002,318
Denmark,DNK,2003,293
Denmark,DNK,2004,335
Denmark,DNK,2005,345
Denmark,DNK,2006,377
Denmark,DNK,2007,470
Denmark,DNK,2008,639
Denmark,DNK,2009,822
Denmark,DNK,2010,1014
Denmark,DNK,2011,1193
Denmark,DNK,2012,1144
Denmark,DNK,2013,1031
Denmark,DNK,2014,962
Denmark,DNK,2015,758
Denmark,DNK,2016,665
Denmark,DNK,2017,499
Denmark,DNK,2018,260
Denmark,DNK,2019,121
Denmark,DNK,2020,37
Denmark,DNK,2021,20
Dominican Republic,DOM,2006,1
Dominican Republic,DOM,2007,1
Dominican Republic,DOM,2009,7
Dominican Republic,DOM,2010,11
Dominican Republic,DOM,2011,11
Dominican Republic,DOM,2012,10
Dominican Republic,DOM,2013,9
Dominican Republic,DOM,2014,4
Dominican Republic,DOM,2015,5
Dominican Republic,DOM,2016,9
Dominican Republic,DOM,2017,7
Dominican Republic,DOM,2018,4
Dominican Republic,DOM,2019,10
Ecuador,ECU,2000,1
Ecuador,ECU,2003,3
Ecuador,ECU,2004,2
Ecuador,ECU,2005,8
Ecuador,ECU,2006,9
Ecuador,ECU,2007,5
Ecuador,ECU,2008,9
Ecuador,ECU,2009,22
Ecuador,ECU,2010,21
Ecuador,ECU,2011,50
Ecuador,ECU,2012,20
Ecuador,ECU,2013,20
Ecuador,ECU,2014,10
Ecuador,ECU,2015,11
Ecuador,ECU,2016,1
Ecuador,ECU,2017,7
Ecuador,ECU,2018,14
Ecuador,ECU,2019,17
Ecuador,ECU,2020,7
Egypt,EGY,2000,11
Egypt,EGY,2001,7
Egypt,EGY,2002,8
Egypt,EGY,2003,4
Egypt,EGY,2004,3
Egypt,EGY,2005,12
Egypt,EGY,2006,20
Egypt,EGY,2007,29
Egypt,EGY,2008,38
Egypt,EGY,2009,59
Egypt,EGY,2010,53
Egypt,EGY,2011,55
Egypt,EGY,2012,23
El Salvador,SLV,2009,4
El Salvador,SLV,2010,5
El Salvador,SLV,2011,4
El Salvador,SLV,2013,1
El Salvador,SLV,2016,1
El Salvador,SLV,2017,5
El Salvador,SLV,2018,1
Estonia,EST,2000,4
Estonia,EST,2001,9
Estonia,EST,2002,5
Estonia,EST,2004,2
Estonia,EST,2005,10
Estonia,EST,2006,1
Estonia,EST,2007,4
Estonia,EST,2008,11
Estonia,EST,2009,5
Estonia,EST,2010,12
Estonia,EST,2011,4
Estonia,EST,2012,2
Estonia,EST,2013,1
Estonia,EST,2014,2
Estonia,EST,2015,1
Estonia,EST,2016,9
Estonia,EST,2017,2
Estonia,EST,2018,2
Estonia,EST,2019,2
Europe,,2000,7768
Europe,,2001,7688
Europe,,2002,8463
Europe,,2003,8312
Europe,,2004,8571
Europe,,2005,9754
Europe,,2006,11257
Europe,,2007,13778
Europe,,2008,16012
Europe,,2009,18280
Europe,,2010,20422
Europe,,2011,21829
Europe,,2012,21923
Europe,,2013,19485
Europe,,2014,18376
Europe,,2015,17129
Europe,,2016,16011
Europe,,2017,17103
Europe,,2018,17094
Europe,,2019,15208
Europe,,2020,3846
Europe,,2021,284
European Union (27),,2000,6859
European Union (27),,2001,6632
European Union (27),,2002,7335
European Union (27),,2003,6865
European Union (27),,2004,7194
European Union (27),,2005,7968
European Union (27),,2006,9102
European Union (27),,2007,11001
European Union (27),,2008,12845
European Union (27),,2009,14779
European Union (27),,2010,16678
European Union (27),,2011,18062
European Union (27),,2012,17970
European Union (27),,2013,15919
European Union (27),,2014,14803
European Union (27),,2015,13785
European Union (27),,2016,13175
European Union (27),,2017,14195
European Union (27),,2018,14425
European Union (27),,2019,12958
European Union (27),,2020,3108
European Union (27),,2021,263
Finland,FIN,2000,21
Finland,FIN,2001,20
Finland,FIN,2002,26
Finland,FIN,2003,28
Finland,FIN,2004,35
Finland,FIN,2005,40
Finland,FIN,2006,71
Finland,FIN,2007,57
Finland,FIN,2008,89
Finland,FIN,2009,88
Finland,FIN,2010,124
Finland,FIN,2011,91
Finland,FIN,2012,104
Finland,FIN,2013,76
Finland,FIN,2014,88
Finland,FIN,2015,74
Finland,FIN,2016,88
Finland,FIN,2017,104
Finland,FIN,2018,141
Finland,FIN,2019,125
Finland,FIN,2020,32
Finland,FIN,2021,1
France,FRA,2000,408
France,FRA,2001,378
France,FRA,2002,457
France,FRA,2003,462
France,FRA,2004,595
France,FRA,2005,628
France,FRA,2006,756
France,FRA,2007,974
France,FRA,2008,1214
France,FRA,2009,1677
France,FRA,2010,1976
France,FRA,2011,2165
France,FRA,2012,2050
France,FRA,2013,1830
France,FRA,2014,1565
France,FRA,2015,1519
France,FRA,2016,1334
France,FRA,2017,1477
France,FRA,2018,1599
France,FRA,2019,1644
France,FRA,2020,99
Georgia,GEO,2000,11
Georgia,GEO,2001,9
Georgia,GEO,2002,5
Georgia,GEO,2003,6
Georgia,GEO,2004,7
Georgia,GEO,2005,10
Georgia,GEO,2006,7
Georgia,GEO,2007,6
Georgia,GEO,2008,4
Georgia,GEO,2009,6
Georgia,GEO,2010,14
Georgia,GEO,2011,13
Georgia,GEO,2012,7
Georgia,GEO,2013,2
Georgia,GEO,2014,4
Georgia,GEO,2015,4
Georgia,GEO,2016,4
Georgia,GEO,2019,2
Germany,DEU,2000,3934
Germany,DEU,2001,3818
Germany,DEU,2002,3980
Germany,DEU,2003,3754
Germany,DEU,2004,3621
Germany,DEU,2005,4128
Germany,DEU,2006,4711
Germany,DEU,2007,5624
Germany,DEU,2008,6159
Germany,DEU,2009,6904
Germany,DEU,2010,8162
Germany,DEU,2011,8972
Germany,DEU,2012,9175
Germany,DEU,2013,8222
Germany,DEU,2014,7964
Germany,DEU,2015,7498
Germany,DEU,2016,7506
Germany,DEU,2017,9117
Germany,DEU,2018,9966
Germany,DEU,2019,9514
Germany,DEU,2020,2469
Germany,DEU,2021,167
Greece,GRC,2000,70
Greece,GRC,2001,47
Greece,GRC,2002,10
Greece,GRC,2003,29
Greece,GRC,2004,23
Greece,GRC,2005,17
Greece,GRC,2006,71
Greece,GRC,2007,66
Greece,GRC,2008,72
Greece,GRC,2009,80
Greece,GRC,2010,108
Greece,GRC,2011,98
Greece,GRC,2012,55
Greece,GRC,2013,54
Greece,GRC,2014,60
Greece,GRC,2015,34
Greece,GRC,2016,47
Greece,GRC,2017,27
Greece,GRC,2018,41
Greece,GRC,2019,23
Greece,GRC,2020,14
Guatemala,GTM,2000,1
Guatemala,GTM,2001,2
Guatemala,GTM,2005,1
Guatemala,GTM,2007,7
Guatemala,GTM,2008,2
Guatemala,GTM,2009,14
Guatemala,GTM,2010,1
Guatemala,GTM,2011,5
Guatemala,GTM,2012,12
Guatemala,GTM,2013,10
Guatemala,GTM,2014,4
Guatemala,GTM,2015,5
Guatemala,GTM,2016,4
Guatemala,GTM,2017,8
High-income countries,,2000,31386
High-income countries,,2001,34386
High-income countries,,2002,36284
High-income countries,,2003,39898
High-income countries,,2004,41111
High-income countries,,2005,45652
High-income countries,,2006,51564
High-income countries,,2007,58870
High-income countries,,2008,67605
High-income countries,,2009,78643
High-income countries,,2010,93883
High-income countries,,2011,106205
High-income countries,,2012,108290
High-income countries,,2013,98945
High-income countries,,2014,96241
High-income countries,,2015,90388
High-income countries,,2016,90617
High-income countries,,2017,90829
High-income countries,,2018,92943
High-income countries,,2019,78196
High-income countries,,2020,26843
High-income countries,,2021,2953
Honduras,HND,2008,3
Honduras,HND,2009,1
Honduras,HND,2010,3
Honduras,HND,2011,5
Honduras,HND,2012,1
Hong Kong,HKG,2000,78
Hong Kong,HKG,2001,87
Hong Kong,HKG,2002,224
Hong Kong,HKG,2003,166
Hong Kong,HKG,2004,114
Hong Kong,HKG,2005,153
Hong Kong,HKG,2006,189
Hong Kong,HKG,2007,146
Hong Kong,HKG,2008,194
Hong Kong,HKG,2009,212
Hong Kong,HKG,2010,210
Hong Kong,HKG,2011,302
Hong Kong,HKG,2012,266
Hong Kong,HKG,2013,266
Hong Kong,HKG,2014,195
Hong Kong,HKG,2015,631
Hong Kong,HKG,2016,552
Hong Kong,HKG,2017,24
Hong Kong,HKG,2018,455
Hong Kong,HKG,2019,61
Hungary,HUN,2000,60
Hungary,HUN,2001,62
Hungary,HUN,2002,69
Hungary,HUN,2003,27
Hungary,HUN,2004,48
Hungary,HUN,2005,34
Hungary,HUN,2006,64
Hungary,HUN,2007,96
Hungary,HUN,2008,100
Hungary,HUN,2009,140
Hungary,HUN,2010,186
Hungary,HUN,2011,185
Hungary,HUN,2012,215
Hungary,HUN,2013,219
Hungary,HUN,2014,219
Hungary,HUN,2015,240
Hungary,HUN,2016,187
Hungary,HUN,2017,155
Hungary,HUN,2018,80
Hungary,HUN,2019,25
Hungary,HUN,2020,5
Iceland,ISL,2000,3
Iceland,ISL,2001,13
Iceland,ISL,2002,11
Iceland,ISL,2003,22
Iceland,ISL,2004,8
Iceland,ISL,2005,11
Iceland,ISL,2006,11
Iceland,ISL,2008,1
Iceland,ISL,2011,4
Iceland,ISL,2014,1
Iceland,ISL,2016,2
Iceland,ISL,2018,1
Iceland,ISL,2019,4
India,IND,2000,4
India,IND,2001,4
India,IND,2002,2
India,IND,2003,4
India,IND,2004,9
India,IND,2005,7
India,IND,2006,4
India,IND,2007,3
India,IND,2008,3
India,IND,2009,8
India,IND,2010,3
India,IND,2011,11
India,IND,2012,514
India,IND,2013,185
India,IND,2014,1259
India,IND,2015,431
India,IND,2017,1
Indonesia,IDN,2000,40
Indonesia,IDN,2001,4
Ireland,IRL,2000,8
Ireland,IRL,2001,6
Ireland,IRL,2002,1
Ireland,IRL,2004,1
Ireland,IRL,2005,10
Ireland,IRL,2006,7
Ireland,IRL,2007,13
Ireland,IRL,2008,58
Ireland,IRL,2009,29
Ireland,IRL,2010,23
Ireland,IRL,2011,11
Ireland,IRL,2012,14
Ireland,IRL,2013,10
Ireland,IRL,2014,7
Ireland,IRL,2015,13
Ireland,IRL,2016,6
Ireland,IRL,2017,3
Ireland,IRL,2018,2
Ireland,IRL,2019,2
Ireland,IRL,2020,6
Israel,ISR,2000,121
Israel,ISR,2001,112
Israel,ISR,2002,111
Israel,ISR,2003,78
Israel,ISR,2004,61
Israel,ISR,2005,67
Israel,ISR,2006,169
Israel,ISR,2007,170
Israel,ISR,2008,318
Israel,ISR,2009,314
Israel,ISR,2010,404
Israel,ISR,2011,523
Israel,ISR,2012,488
Israel,ISR,2013,337
Israel,ISR,2014,356
Israel,ISR,2015,364
Israel,ISR,2016,355
Israel,ISR,2017,289
Israel,ISR,2018,266
Israel,ISR,2019,216
Israel,ISR,2020,220
Israel,ISR,2021,85
Italy,ITA,2000,88
Italy,ITA,2001,112
Italy,ITA,2002,94
Italy,ITA,2003,115
Italy,ITA,2004,101
Italy,ITA,2005,110
Italy,ITA,2006,205
Italy,ITA,2007,262
Italy,ITA,2008,368
Italy,ITA,2009,636
Italy,ITA,2010,634
Italy,ITA,2011,720
Italy,ITA,2012,567
Italy,ITA,2013,481
Italy,ITA,2014,10
Italy,ITA,2015,237
Italy,ITA,2016,337
Italy,ITA,2017,322
Italy,ITA,2018,396
Italy,ITA,2019,195
Japan,JPN,2000,12937
Japan,JPN,2001,13497
Japan,JPN,2002,13913
Japan,JPN,2003,14592
Japan,JPN,2004,15527
Japan,JPN,2005,15646
Japan,JPN,2006,16918
Japan,JPN,2007,17426
Japan,JPN,2008,18525
Japan,JPN,2009,20680
Japan,JPN,2010,24121
Japan,JPN,2011,28166
Japan,JPN,2012,29261
Japan,JPN,2013,25210
Japan,JPN,2014,23656
Japan,JPN,2015,21348
Japan,JPN,2016,21693
Japan,JPN,2017,20971
Japan,JPN,2018,22043
Japan,JPN,2019,15896
Japan,JPN,2020,2464
Japan,JPN,2021,300
Jordan,JOR,2000,2
Jordan,JOR,2004,2
Jordan,JOR,2006,3
Jordan,JOR,2007,8
Jordan,JOR,2008,12
Jordan,JOR,2009,6
Jordan,JOR,2010,3
Jordan,JOR,2011,4
Jordan,JOR,2012,1
Jordan,JOR,2013,3
Jordan,JOR,2014,1
Jordan,JOR,2015,8
Jordan,JOR,2016,2
Jordan,JOR,2017,4
Jordan,JOR,2018,2
Jordan,JOR,2019,9
Jordan,JOR,2020,14
Jordan,JOR,2021,5
Kazakhstan,KAZ,2004,2
Kazakhstan,KAZ,2006,2
Kazakhstan,KAZ,2010,1
Kazakhstan,KAZ,2011,2
Latvia,LVA,2000,6
Latvia,LVA,2001,1
Latvia,LVA,2002,5
Latvia,LVA,2003,5
Latvia,LVA,2004,4
Latvia,LVA,2005,2
Latvia,LVA,2006,10
Latvia,LVA,2007,8
Latvia,LVA,2008,10
Latvia,LVA,2009,13
Latvia,LVA,2010,7
Latvia,LVA,2011,10
Latvia,LVA,2012,11
Latvia,LVA,2013,10
Latvia,LVA,2014,6
Latvia,LVA,2015,7
Latvia,LVA,2016,8
Latvia,LVA,2017,6
Latvia,LVA,2018,6
Latvia,LVA,2019,5
Lithuania,LTU,2000,5
Lithuania,LTU,2001,3
Lithuania,LTU,2002,8
Lithuania,LTU,2003,6
Lithuania,LTU,2004,4
Lithuania,LTU,2005,1
Lithuania,LTU,2006,9
Lithuania,LTU,2007,17
Lithuania,LTU,2008,27
Lithuania,LTU,2009,41
Lithuania,LTU,2010,62
Lithuania,LTU,2011,56
Lithuania,LTU,2012,57
Lithuania,LTU,2013,77
Lithuania,LTU,2014,66
Lithuania,LTU,2015,52
Lithuania,LTU,2016,33
Lithuania,LTU,2017,23
Lithuania,LTU,2018,9
Lithuania,LTU,2019,12
Lithuania,LTU,2020,2
Lower-middle-income countries,,2000,97
Lower-middle-income countries,,2001,74
Lower-middle-income countries,,2002,73
Lower-middle-income countries,,2003,182
Lower-middle-income countries,,2004,122
Lower-middle-income countries,,2005,199
Lower-middle-income countries,,2006,207
Lower-middle-income countries,,2007,319
Lower-middle-income countries,,2008,329
Lower-middle-income countries,,2009,492
Lower-middle-income countries,,2010,547
Lower-middle-income countries,,2011,560
Lower-middle-income countries,,2012,1054
Lower-middle-income countries,,2013,707
Lower-middle-income countries,,2014,1874
Lower-middle-income countries,,2015,1135
Lower-middle-income countries,,2016,496
Lower-middle-income countries,,2017,502
Lower-middle-income countries,,2018,462
Lower-middle-income countries,,2019,397
Lower-middle-income countries,,2020,144
Lower-middle-income countries,,2021,3
Luxembourg,LUX,2000,2
Luxembourg,LUX,2001,3
Luxembourg,LUX,2002,4
Luxembourg,LUX,2005,6
Luxembourg,LUX,2006,1
Luxembourg,LUX,2007,1
Luxembourg,LUX,2008,2
Luxembourg,LUX,2009,12
Luxembourg,LUX,2010,9
Luxembourg,LUX,2011,10
Luxembourg,LUX,2012,8
Luxembourg,LUX,2013,4
Luxembourg,LUX,2014,10
Luxembourg,LUX,2015,27
Luxembourg,LUX,2016,12
Luxembourg,LUX,2017,24
Luxembourg,LUX,2018,20
Luxembourg,LUX,2019,12
Luxembourg,LUX,2020,19
Malaysia,MYS,2000,44
Malaysia,MYS,2001,28
Malaysia,MYS,2002,27
Malaysia,MYS,2003,34
Malaysia,MYS,2004,78
Malaysia,MYS,2005,81
Malaysia,MYS,2006,101
Malaysia,MYS,2007,152
Malaysia,MYS,2008,190
Malaysia,MYS,2009,177
Malaysia,MYS,2010,273
Malaysia,MYS,2011,305
Malaysia,MYS,2012,261
Malaysia,MYS,2013,94
Malaysia,MYS,2014,113
Malaysia,MYS,2015,34
Mexico,MEX,2000,258
Mexico,MEX,2001,306
Mexico,MEX,2002,331
Mexico,MEX,2003,253
Mexico,MEX,2004,250
Mexico,MEX,2005,346
Mexico,MEX,2006,335
Mexico,MEX,2007,685
Mexico,MEX,2008,621
Mexico,MEX,2009,740
Mexico,MEX,2010,997
Mexico,MEX,2011,967
Mexico,MEX,2012,987
Mexico,MEX,2013,839
Mexico,MEX,2014,966
Mexico,MEX,2015,913
Mexico,MEX,2016,774
Mexico,MEX,2017,791
Mexico,MEX,2018,236
Mexico,MEX,2019,36
Moldova,MDA,2000,6
Moldova,MDA,2001,27
Moldova,MDA,2002,22
Moldova,MDA,2003,13
Moldova,MDA,2004,14
Moldova,MDA,2005,30
Moldova,MDA,2006,9
Moldova,MDA,2007,36
Moldova,MDA,2008,32
Moldova,MDA,2009,29
Moldova,MDA,2010,15
Moldova,MDA,2011,8
Moldova,MDA,2012,23
Moldova,MDA,2013,10
Moldova,MDA,2014,14
Moldova,MDA,2015,24
Moldova,MDA,2016,12
Moldova,MDA,2017,6
Moldova,MDA,2018,15
Moldova,MDA,2019,4
Moldova,MDA,2020,1
Monaco,MCO,2002,1
Monaco,MCO,2007,1
Monaco,MCO,2010,1
Monaco,MCO,2011,1
Monaco,MCO,2015,1
Montenegro,MNE,2003,1
Montenegro,MNE,2005,6
Montenegro,MNE,2007,8
Montenegro,MNE,2008,3
Montenegro,MNE,2009,3
Montenegro,MNE,2010,2
Montenegro,MNE,2011,13
Montenegro,MNE,2012,21
Montenegro,MNE,2013,6
Morocco,MAR,2000,6
Morocco,MAR,2001,9
Morocco,MAR,2002,16
Morocco,MAR,2003,25
Morocco,MAR,2004,26
Morocco,MAR,2005,20
Morocco,MAR,2006,22
Morocco,MAR,2007,39
Morocco,MAR,2008,64
Morocco,MAR,2009,68
Morocco,MAR,2010,112
Morocco,MAR,2011,190
Morocco,MAR,2012,189
Morocco,MAR,2013,195
Morocco,MAR,2014,150
Morocco,MAR,2015,161
Morocco,MAR,2016,75
Morocco,MAR,2017,43
Morocco,MAR,2018,56
Morocco,MAR,2019,28
Netherlands,NLD,2000,98
Netherlands,NLD,2001,94
Netherlands,NLD,2002,102
Netherlands,NLD,2003,66
Netherlands,NLD,2004,71
Netherlands,NLD,2005,99
Netherlands,NLD,2006,100
Netherlands,NLD,2007,75
Netherlands,NLD,2008,131
Netherlands,NLD,2009,201
Netherlands,NLD,2010,195
Netherlands,NLD,2011,224
Netherlands,NLD,2012,137
Netherlands,NLD,2013,168
Netherlands,NLD,2014,147
Netherlands,NLD,2015,126
Netherlands,NLD,2016,133
Netherlands,NLD,2017,195
Netherlands,NLD,2018,187
Netherlands,NLD,2019,154
Netherlands,NLD,2020,13
New Zealand,NZL,2000,68
New Zealand,NZL,2001,124
New Zealand,NZL,2002,167
New Zealand,NZL,2003,99
New Zealand,NZL,2004,149
New Zealand,NZL,2005,157
New Zealand,NZL,2006,198
New Zealand,NZL,2007,244
New Zealand,NZL,2008,202
New Zealand,NZL,2009,394
New Zealand,NZL,2010,388
New Zealand,NZL,2011,331
New Zealand,NZL,2012,387
New Zealand,NZL,2013,244
New Zealand,NZL,2014,213
New Zealand,NZL,2015,45
New Zealand,NZL,2016,43
New Zealand,NZL,2017,38
New Zealand,NZL,2018,9
New Zealand,NZL,2019,3
Nicaragua,NIC,2006,1
Nicaragua,NIC,2007,11
Nicaragua,NIC,2009,7
Nicaragua,NIC,2010,11
Nicaragua,NIC,2011,7
Nicaragua,NIC,2012,8
Nicaragua,NIC,2013,10
Nicaragua,NIC,2015,2
Nicaragua,NIC,2016,3
Nicaragua,NIC,2017,1
Nicaragua,NIC,2018,1
Nicaragua,NIC,2019,2
North America,,2000,6616
North America,,2001,8293
North America,,2002,9133
North America,,2003,10023
North America,,2004,11525
North America,,2005,13816
North America,,2006,15098
North America,,2007,18387
North America,,2008,20785
North America,,2009,24283
North America,,2010,30498
North America,,2011,34736
North America,,2012,35498
North America,,2013,34437
North America,,2014,34503
North America,,2015,33865
North America,,2016,33378
North America,,2017,34389
North America,,2018,32948
North America,,2019,29361
North America,,2020,15785
North America,,2021,1547
Norway,NOR,2000,133
Norway,NOR,2001,138
Norway,NOR,2002,131
Norway,NOR,2003,206
Norway,NOR,2004,170
Norway,NOR,2005,186
Norway,NOR,2006,209
Norway,NOR,2007,258
Norway,NOR,2008,232
Norway,NOR,2009,224
Norway,NOR,2010,112
Norway,NOR,2011,152
Norway,NOR,2012,116
Norway,NOR,2013,124
Norway,NOR,2014,176
Norway,NOR,2015,126
Norway,NOR,2016,90
Norway,NOR,2017,75
Norway,NOR,2018,80
Norway,NOR,2019,111
Norway,NOR,2020,37
Norway,NOR,2021,2
Oceania,,2000,1846
Oceania,,2001,2502
Oceania,,2002,1770
Oceania,,2003,3446
Oceania,,2004,1026
Oceania,,2005,1089
Oceania,,2006,1206
Oceania,,2007,1694
Oceania,,2008,1863
Oceania,,2009,2522
Oceania,,2010,3023
Oceania,,2011,2712
Oceania,,2012,2751
Oceania,,2013,2310
Oceania,,2014,2003
Oceania,,2015,1767
Oceania,,2016,1750
Oceania,,2017,1952
Oceania,,2018,2051
Oceania,,2019,1809
Oceania,,2020,722
Oceania,,2021,310
Panama,PAN,2000,2
Panama,PAN,2001,1
Panama,PAN,2002,1
Panama,PAN,2003,1
Panama,PAN,2004,3
Panama,PAN,2005,2
Panama,PAN,2006,1
Panama,PAN,2007,2
Panama,PAN,2008,3
Panama,PAN,2009,2
Peru,PER,2000,31
Peru,PER,2001,12
Peru,PER,2002,8
Peru,PER,2003,11
Peru,PER,2004,9
Peru,PER,2005,11
Peru,PER,2006,15
Peru,PER,2007,18
Peru,PER,2008,44
Peru,PER,2009,50
Peru,PER,2010,80
Peru,PER,2011,66
Peru,PER,2012,58
Peru,PER,2013,39
Peru,PER,2014,36
Peru,PER,2015,52
Peru,PER,2016,59
Peru,PER,2017,45
Peru,PER,2018,64
Peru,PER,2019,63
Peru,PER,2020,4
Philippines,PHL,2005,2
Philippines,PHL,2007,1
Philippines,PHL,2008,1
Philippines,PHL,2011,2
Philippines,PHL,2012,3
Philippines,PHL,2013,22
Philippines,PHL,2014,153
Philippines,PHL,2015,300
Philippines,PHL,2016,255
Philippines,PHL,2017,252
Philippines,PHL,2018,306
Philippines,PHL,2019,345
Philippines,PHL,2020,144
Philippines,PHL,2021,3
Poland,POL,2000,119
Poland,POL,2001,126
Poland,POL,2002,188
Poland,POL,2003,175
Poland,POL,2004,249
Poland,POL,2005,301
Poland,POL,2006,307
Poland,POL,2007,353
Poland,POL,2008,502
Poland,POL,2009,581
Poland,POL,2010,775
Poland,POL,2011,867
Poland,POL,2012,856
Poland,POL,2013,828
Poland,POL,2014,807
Poland,POL,2015,792
Poland,POL,2016,683
Poland,POL,2017,474
Poland,POL,2018,351
Poland,POL,2019,179
Poland,POL,2020,21
Portugal,PRT,2000,131
Portugal,PRT,2001,134
Portugal,PRT,2002,214
Portugal,PRT,2003,142
Portugal,PRT,2004,171
Portugal,PRT,2005,171
Portugal,PRT,2006,168
Portugal,PRT,2007,197
Portugal,PRT,2008,258
Portugal,PRT,2009,331
Portugal,PRT,2010,343
Portugal,PRT,2011,376
Portugal,PRT,2012,399
Portugal,PRT,2013,341
Portugal,PRT,2014,338
Portugal,PRT,2015,259
Portugal,PRT,2016,219
Portugal,PRT,2017,173
Portugal,PRT,2018,72
Portugal,PRT,2019,23
Romania,ROU,2000,18
Romania,ROU,2001,18
Romania,ROU,2002,18
Romania,ROU,2003,14
Romania,ROU,2004,20
Romania,ROU,2005,31
Romania,ROU,2006,25
Romania,ROU,2007,31
Romania,ROU,2008,82
Romania,ROU,2009,95
Romania,ROU,2010,92
Romania,ROU,2011,145
Romania,ROU,2012,69
Romania,ROU,2013,91
Romania,ROU,2014,77
Romania,ROU,2015,83
Romania,ROU,2016,66
Romania,ROU,2017,61
Romania,ROU,2018,53
Romania,ROU,2019,54
Romania,ROU,2020,9
Russia,RUS,2000,402
Russia,RUS,2001,439
Russia,RUS,2002,458
Russia,RUS,2003,567
Russia,RUS,2004,568
Russia,RUS,2005,735
Russia,RUS,2006,945
Russia,RUS,2007,1192
Russia,RUS,2008,1294
Russia,RUS,2009,1462
Russia,RUS,2010,1669
Russia,RUS,2011,1778
Russia,RUS,2012,1851
Russia,RUS,2013,1622
Russia,RUS,2014,1624
Russia,RUS,2015,1501
Russia,RUS,2016,1315
Russia,RUS,2017,1317
Russia,RUS,2018,1058
Russia,RUS,2019,964
Russia,RUS,2020,327
Russia,RUS,2021,12
San Marino,SMR,2006,1
San Marino,SMR,2007,2
San Marino,SMR,2008,5
San Marino,SMR,2009,10
San Marino,SMR,2010,2
San Marino,SMR,2011,14
San Marino,SMR,2013,5
San Marino,SMR,2014,2
San Marino,SMR,2015,10
San Marino,SMR,2016,18
San Marino,SMR,2017,1
Saudi Arabia,SAU,2000,8
Saudi Arabia,SAU,2001,2
Saudi Arabia,SAU,2002,2
Saudi Arabia,SAU,2004,3
Saudi Arabia,SAU,2005,12
Saudi Arabia,SAU,2006,2
Saudi Arabia,SAU,2007,2
Saudi Arabia,SAU,2008,9
Saudi Arabia,SAU,2009,4
Saudi Arabia,SAU,2010,9
Saudi Arabia,SAU,2011,13
Saudi Arabia,SAU,2012,3
Serbia,SRB,2004,1
Serbia,SRB,2005,8
Serbia,SRB,2006,11
Serbia,SRB,2007,23
Serbia,SRB,2008,24
Serbia,SRB,2009,18
Serbia,SRB,2010,40
Serbia,SRB,2011,85
Serbia,SRB,2012,90
Serbia,SRB,2013,60
Serbia,SRB,2014,42
Serbia,SRB,2015,47
Serbia,SRB,2016,38
Serbia,SRB,2017,34
Serbia,SRB,2018,16
Serbia,SRB,2019,3
Serbia,SRB,2020,4
Singapore,SGP,2000,52
Singapore,SGP,2001,35
Singapore,SGP,2002,43
Singapore,SGP,2003,71
Singapore,SGP,2004,74
Singapore,SGP,2005,67
Singapore,SGP,2006,92
Singapore,SGP,2007,127
Singapore,SGP,2008,93
Singapore,SGP,2009,216
Singapore,SGP,2010,492
Singapore,SGP,2011,558
Singapore,SGP,2012,590
Singapore,SGP,2013,646
Singapore,SGP,2014,701
Singapore,SGP,2015,619
Singapore,SGP,2016,375
Singapore,SGP,2017,382
Singapore,SGP,2018,361
Singapore,SGP,2019,319
Singapore,SGP,2020,24
Slovakia,SVK,2000,21
Slovakia,SVK,2001,27
Slovakia,SVK,2002,20
Slovakia,SVK,2003,4
Slovakia,SVK,2004,10
Slovakia,SVK,2005,5
Slovakia,SVK,2006,11
Slovakia,SVK,2007,16
Slovakia,SVK,2008,15
Slovakia,SVK,2009,32
Slovakia,SVK,2010,21
Slovakia,SVK,2011,30
Slovakia,SVK,2012,21
Slovakia,SVK,2013,42
Slovakia,SVK,2014,28
Slovakia,SVK,2015,36
Slovakia,SVK,2016,24
Slovakia,SVK,2017,19
Slovakia,SVK,2018,45
Slovakia,SVK,2019,41
Slovakia,SVK,2020,40
Slovenia,SVN,2000,13
Slovenia,SVN,2001,12
Slovenia,SVN,2002,19
Slovenia,SVN,2003,77
Slovenia,SVN,2004,78
Slovenia,SVN,2005,60
Slovenia,SVN,2006,63
Slovenia,SVN,2007,89
Slovenia,SVN,2008,96
Slovenia,SVN,2009,118
Slovenia,SVN,2010,127
Slovenia,SVN,2011,120
Slovenia,SVN,2012,162
Slovenia,SVN,2013,103
Slovenia,SVN,2014,88
Slovenia,SVN,2015,67
Slovenia,SVN,2016,53
Slovenia,SVN,2017,31
Slovenia,SVN,2018,12
Slovenia,SVN,2019,16
South Africa,ZAF,2000,54
South Africa,ZAF,2001,115
South Africa,ZAF,2002,119
South Africa,ZAF,2003,124
South Africa,ZAF,2004,168
South Africa,ZAF,2005,195
South Africa,ZAF,2006,168
South Africa,ZAF,2007,226
South Africa,ZAF,2008,241
South Africa,ZAF,2009,261
South Africa,ZAF,2010,478
South Africa,ZAF,2011,665
South Africa,ZAF,2012,670
South Africa,ZAF,2013,604
South Africa,ZAF,2014,594
South Africa,ZAF,2015,419
South Africa,ZAF,2016,303
South Africa,ZAF,2017,255
South Africa,ZAF,2018,295
South Africa,ZAF,2019,223
South Africa,ZAF,2020,43
South Africa,ZAF,2021,1
South America,,2000,514
South America,,2001,549
South America,,2002,564
South America,,2003,570
South America,,2004,657
South America,,2005,767
South America,,2006,1035
South America,,2007,1507
South America,,2008,1692
South America,,2009,2232
South America,,2010,2821
South America,,2011,2922
South America,,2012,2950
South America,,2013,2486
South America,,2014,1945
South America,,2015,1876
South America,,2016,1937
South America,,2017,1784
South America,,2018,1643
South America,,2019,1264
South America,,2020,326
South America,,2021,35
South Korea,KOR,2000,2068
South Korea,KOR,2001,2243
South Korea,KOR,2002,2764
South Korea,KOR,2003,3363
South Korea,KOR,2004,4037
South Korea,KOR,2005,5153
South Korea,KOR,2006,6484
South Korea,KOR,2007,7314
South Korea,KOR,2008,9556
South Korea,KOR,2009,11934
South Korea,KOR,2010,14414
South Korea,KOR,2011,16335
South Korea,KOR,2012,16440
South Korea,KOR,2013,15620
South Korea,KOR,2014,16071
South Korea,KOR,2015,14325
South Korea,KOR,2016,16045
South Korea,KOR,2017,15389
South Korea,KOR,2018,16287
South Korea,KOR,2019,14274
South Korea,KOR,2020,3190
South Korea,KOR,2021,432
Spain,ESP,2000,550
Spain,ESP,2001,521
Spain,ESP,2002,667
Spain,ESP,2003,660
Spain,ESP,2004,825
Spain,ESP,2005,867
Spain,ESP,2006,1021
Spain,ESP,2007,1352
Spain,ESP,2008,1615
Spain,ESP,2009,1854
Spain,ESP,2010,2067
Spain,ESP,2011,2129
Spain,ESP,2012,2239
Spain,ESP,2013,1850
Spain,ESP,2014,1840
Spain,ESP,2015,1396
Spain,ESP,2016,1195
Spain,ESP,2017,845
Spain,ESP,2018,460
Spain,ESP,2019,242
Spain,ESP,2020,146
Spain,ESP,2021,23
Sweden,SWE,2000,65
Sweden,SWE,2001,68
Sweden,SWE,2002,74
Sweden,SWE,2003,51
Sweden,SWE,2004,50
Sweden,SWE,2005,52
Sweden,SWE,2006,70
Sweden,SWE,2007,97
Sweden,SWE,2008,119
Sweden,SWE,2009,151
Sweden,SWE,2010,130
Sweden,SWE,2011,96
Sweden,SWE,2012,104
Sweden,SWE,2013,88
Sweden,SWE,2014,100
Sweden,SWE,2015,149
Sweden,SWE,2016,134
Sweden,SWE,2017,145
Sweden,SWE,2018,152
Sweden,SWE,2019,92
Sweden,SWE,2020,29
Switzerland,CHE,2000,26
Switzerland,CHE,2001,21
Switzerland,CHE,2002,11
Switzerland,CHE,2003,25
Switzerland,CHE,2004,13
Switzerland,CHE,2005,19
Switzerland,CHE,2006,38
Switzerland,CHE,2007,28
Switzerland,CHE,2008,94
Switzerland,CHE,2009,131
Switzerland,CHE,2010,149
Switzerland,CHE,2011,151
Switzerland,CHE,2012,136
Switzerland,CHE,2013,123
Switzerland,CHE,2014,126
Switzerland,CHE,2015,102
Switzerland,CHE,2016,86
Switzerland,CHE,2017,90
Switzerland,CHE,2018,100
Switzerland,CHE,2019,75
Switzerland,CHE,2020,26
Taiwan,TWN,2000,628
Taiwan,TWN,2001,781
Taiwan,TWN,2002,751
Taiwan,TWN,2003,868
Taiwan,TWN,2004,1116
Taiwan,TWN,2005,1232
Taiwan,TWN,2006,1642
Taiwan,TWN,2007,2026
Taiwan,TWN,2008,2397
Taiwan,TWN,2009,2793
Taiwan,TWN,2010,3389
Taiwan,TWN,2011,4090
Taiwan,TWN,2012,4096
Taiwan,TWN,2013,3262
Taiwan,TWN,2014,3115
Taiwan,TWN,2015,2809
Taiwan,TWN,2016,2526
Taiwan,TWN,2017,2571
Taiwan,TWN,2018,2783
Taiwan,TWN,2019,1944
Taiwan,TWN,2020,767
Tajikistan,TJK,2001,2
Tajikistan,TJK,2002,2
Tajikistan,TJK,2005,1
Tunisia,TUN,2000,5
Tunisia,TUN,2001,2
Tunisia,TUN,2002,1
Tunisia,TUN,2003,2
Tunisia,TUN,2004,4
Tunisia,TUN,2005,9
Tunisia,TUN,2006,6
Tunisia,TUN,2007,20
Tunisia,TUN,2008,54
Tunisia,TUN,2009,65
Tunisia,TUN,2010,46
Tunisia,TUN,2011,78
Tunisia,TUN,2012,79
Tunisia,TUN,2013,65
Tunisia,TUN,2014,62
Tunisia,TUN,2015,57
Tunisia,TUN,2016,21
Tunisia,TUN,2017,25
Tunisia,TUN,2018,10
Tunisia,TUN,2019,1
Turkey,TUR,2000,58
Turkey,TUR,2001,25
Turkey,TUR,2002,14
Turkey,TUR,2003,15
Turkey,TUR,2004,29
Turkey,TUR,2005,27
Turkey,TUR,2006,23
Turkey,TUR,2007,65
Turkey,TUR,2008,68
Turkey,TUR,2009,92
Turkey,TUR,2010,92
Turkey,TUR,2011,102
Turkey,TUR,2012,75
Turkey,TUR,2013,62
Turkey,TUR,2014,96
Turkey,TUR,2015,101
Turkey,TUR,2016,108
Turkey,TUR,2017,132
Turkey,TUR,2018,48
Turkey,TUR,2019,59
Turkey,TUR,2020,42
Turkey,TUR,2021,1
Ukraine,UKR,2000,26
Ukraine,UKR,2001,40
Ukraine,UKR,2002,42
Ukraine,UKR,2003,147
Ukraine,UKR,2004,80
Ukraine,UKR,2005,148
Ukraine,UKR,2006,154
Ukraine,UKR,2007,216
Ukraine,UKR,2008,166
Ukraine,UKR,2009,280
Ukraine,UKR,2010,312
Ukraine,UKR,2011,208
Ukraine,UKR,2012,237
Ukraine,UKR,2013,229
Ukraine,UKR,2014,250
Ukraine,UKR,2015,184
Ukraine,UKR,2016,141
Ukraine,UKR,2017,175
Ukraine,UKR,2018,88
Ukraine,UKR,2019,21
United Kingdom,GBR,2000,313
United Kingdom,GBR,2001,378
United Kingdom,GBR,2002,452
United Kingdom,GBR,2003,466
United Kingdom,GBR,2004,523
United Kingdom,GBR,2005,643
United Kingdom,GBR,2006,777
United Kingdom,GBR,2007,1012
United Kingdom,GBR,2008,1316
United Kingdom,GBR,2009,1344
United Kingdom,GBR,2010,1442
United Kingdom,GBR,2011,1353
United Kingdom,GBR,2012,1479
United Kingdom,GBR,2013,1387
United Kingdom,GBR,2014,1338
United Kingdom,GBR,2015,1349
United Kingdom,GBR,2016,1134
United Kingdom,GBR,2017,1210
United Kingdom,GBR,2018,1311
United Kingdom,GBR,2019,1068
United Kingdom,GBR,2020,343
United Kingdom,GBR,2021,7
United States,USA,2000,4954
United States,USA,2001,6539
United States,USA,2002,7191
United States,USA,2003,8132
United States,USA,2004,9551
United States,USA,2005,11646
United States,USA,2006,12708
United States,USA,2007,15096
United States,USA,2008,17462
United States,USA,2009,20416
United States,USA,2010,26031
United States,USA,2011,30320
United States,USA,2012,31009
United States,USA,2013,30349
United States,USA,2014,30369
United States,USA,2015,29975
United States,USA,2016,29977
United States,USA,2017,31003
United States,USA,2018,30361
United States,USA,2019,27348
United States,USA,2020,15421
United States,USA,2021,1546
Upper-middle-income countries,,2000,3525
Upper-middle-income countries,,2001,4227
Upper-middle-income countries,,2002,5107
Upper-middle-income countries,,2003,6135
Upper-middle-income countries,,2004,7611
Upper-middle-income countries,,2005,10047
Upper-middle-income countries,,2006,14878
Upper-middle-income countries,,2007,19094
Upper-middle-income countries,,2008,24157
Upper-middle-income countries,,2009,31535
Upper-middle-income countries,,2010,41659
Upper-middle-income countries,,2011,51012
Upper-middle-income countries,,2012,55698
Upper-middle-income countries,,2013,53559
Upper-middle-income countries,,2014,58202
Upper-middle-income countries,,2015,70123
Upper-middle-income countries,,2016,95422
Upper-middle-income countries,,2017,121326
Upper-middle-income countries,,2018,135983
Upper-middle-income countries,,2019,143670
Upper-middle-income countries,,2020,129533
Upper-middle-income countries,,2021,6427
Uruguay,URY,2000,1
Uruguay,URY,2001,2
Uruguay,URY,2002,2
Uruguay,URY,2003,1
Uruguay,URY,2004,3
Uruguay,URY,2005,8
Uruguay,URY,2006,7
Uruguay,URY,2007,12
Uruguay,URY,2008,14
Uruguay,URY,2009,9
Uruguay,URY,2010,17
Uruguay,URY,2011,27
Uruguay,URY,2012,32
Uruguay,URY,2013,10
Uruguay,URY,2014,9
Uruguay,URY,2015,42
Uruguay,URY,2016,32
Uruguay,URY,2017,7
Uruguay,URY,2018,5
Uruguay,URY,2019,18
Uruguay,URY,2020,9
Vietnam,VNM,2010,2
World,OWID_WRL,2000,35008
World,OWID_WRL,2001,38687
World,OWID_WRL,2002,41464
World,OWID_WRL,2003,46215
World,OWID_WRL,2004,48844
World,OWID_WRL,2005,55898
World,OWID_WRL,2006,66649
World,OWID_WRL,2007,78283
World,OWID_WRL,2008,92091
World,OWID_WRL,2009,110670
World,OWID_WRL,2010,136089
World,OWID_WRL,2011,157777
World,OWID_WRL,2012,165042
World,OWID_WRL,2013,153211
World,OWID_WRL,2014,156317
World,OWID_WRL,2015,161646
World,OWID_WRL,2016,186535
World,OWID_WRL,2017,212657
World,OWID_WRL,2018,229388
World,OWID_WRL,2019,222263
World,OWID_WRL,2020,156520
World,OWID_WRL,2021,9383